model_version,model_kind,reducer_mode_scc,model_name,model_path,task,train_epochs,datasplit,aggregation,n_samples,accuracy,balanced_accuracy,f1_macro,f1_weighted,precision_macro,precision_weighted,recall_macro,recall_weighted,model_kind_reducer
200,xeegnet,None,xeegnet_model_v200.pt,/home/mgrabner/eeglass2/all-in-on-eeg/backend/ml/pretrained_models/cn_ad/xeegnet_model_v200.pt,cn_ad,,test,window,2544,0.7303459119496856,0.7176271860095389,0.7147972741089377,0.7194042779136036,0.75730204090024,0.7526140184740565,0.7176271860095389,0.7303459119496856,xeegnet
200,xeegnet,None,xeegnet_model_v200.pt,/home/mgrabner/eeglass2/all-in-on-eeg/backend/ml/pretrained_models/cn_ad/xeegnet_model_v200.pt,cn_ad,,test,subject_majority,12,0.8333333333333334,0.8333333333333333,0.8285714285714285,0.8285714285714286,0.875,0.875,0.8333333333333333,0.8333333333333334,xeegnet
200,xeegnet,None,xeegnet_model_v200.pt,/home/mgrabner/eeglass2/all-in-on-eeg/backend/ml/pretrained_models/cn_ad/xeegnet_model_v200.pt,cn_ad,,train,window,8445,0.8251036116044997,0.8149175907038778,0.8186255886563731,0.8236545801555766,0.8255499511316515,0.8252667894961466,0.8149175907038778,0.8251036116044997,xeegnet
200,xeegnet,None,xeegnet_model_v200.pt,/home/mgrabner/eeglass2/all-in-on-eeg/backend/ml/pretrained_models/cn_ad/xeegnet_model_v200.pt,cn_ad,,train,subject_majority,41,0.9024390243902439,0.8995098039215685,0.8995098039215685,0.9024390243902439,0.8995098039215685,0.9024390243902439,0.8995098039215685,0.9024390243902439,xeegnet
200,xeegnet,None,xeegnet_model_v200.pt,/home/mgrabner/eeglass2/all-in-on-eeg/backend/ml/pretrained_models/cn_ad/xeegnet_model_v200.pt,cn_ad,,val,window,2293,0.6633231574356738,0.6675333761526816,0.6632764707672643,0.6629946216209397,0.6681931234599175,0.6718512085380361,0.6675333761526816,0.6633231574356738,xeegnet
200,xeegnet,None,xeegnet_model_v200.pt,/home/mgrabner/eeglass2/all-in-on-eeg/backend/ml/pretrained_models/cn_ad/xeegnet_model_v200.pt,cn_ad,,val,subject_majority,12,0.6666666666666666,0.6666666666666666,0.6666666666666666,0.6666666666666666,0.6666666666666666,0.6666666666666666,0.6666666666666666,0.6666666666666666,xeegnet
200,xeegnet_scc,mean,xeegnet_scc_model_v200.pt,/home/mgrabner/eeglass2/all-in-on-eeg/backend/ml/pretrained_models/cn_ad/xeegnet_scc_model_v200.pt,cn_ad,,test,window,2544,0.6540880503144654,0.6560860492845787,0.6539937423610995,0.6543889375942519,0.6555424081670037,0.6583246579718597,0.6560860492845787,0.6540880503144654,xeegnet_scc_mean
200,xeegnet_scc,mean,xeegnet_scc_model_v200.pt,/home/mgrabner/eeglass2/all-in-on-eeg/backend/ml/pretrained_models/cn_ad/xeegnet_scc_model_v200.pt,cn_ad,,test,subject_majority,12,0.6666666666666666,0.6666666666666666,0.6666666666666666,0.6666666666666666,0.6666666666666666,0.6666666666666666,0.6666666666666666,0.6666666666666666,xeegnet_scc_mean
200,xeegnet_scc,mean,xeegnet_scc_model_v200.pt,/home/mgrabner/eeglass2/all-in-on-eeg/backend/ml/pretrained_models/cn_ad/xeegnet_scc_model_v200.pt,cn_ad,,train,window,8445,0.8709295441089402,0.8738428254576507,0.8693963462389758,0.8714724469612555,0.8675961631785396,0.874584418631613,0.8738428254576507,0.8709295441089402,xeegnet_scc_mean
200,xeegnet_scc,mean,xeegnet_scc_model_v200.pt,/home/mgrabner/eeglass2/all-in-on-eeg/backend/ml/pretrained_models/cn_ad/xeegnet_scc_model_v200.pt,cn_ad,,train,subject_majority,41,0.926829268292683,0.9375,0.9261261261261262,0.9273566249176005,0.925,0.9378048780487805,0.9375,0.926829268292683,xeegnet_scc_mean
200,xeegnet_scc,mean,xeegnet_scc_model_v200.pt,/home/mgrabner/eeglass2/all-in-on-eeg/backend/ml/pretrained_models/cn_ad/xeegnet_scc_model_v200.pt,cn_ad,,val,window,2293,0.7836894897514174,0.7857690660794299,0.7835362975549891,0.7839456471946252,0.7844159471310659,0.7873040581769853,0.7857690660794299,0.7836894897514174,xeegnet_scc_mean
200,xeegnet_scc,mean,xeegnet_scc_model_v200.pt,/home/mgrabner/eeglass2/all-in-on-eeg/backend/ml/pretrained_models/cn_ad/xeegnet_scc_model_v200.pt,cn_ad,,val,subject_majority,2,1.0,1.0,1.0,1.0,1.0,1.0,1.0,1.0,xeegnet_scc_mean
200,xeegnet_scc,node,xeegnet_scc_model_reducermode_node_v200.pt,/home/mgrabner/eeglass2/all-in-on-eeg/backend/ml/pretrained_models/cn_ad/xeegnet_scc_model_reducermode_node_v200.pt,cn_ad,,test,window,2544,0.7944182389937107,0.7958614864864866,0.7941775273588272,0.7946644842293962,0.7944456153123982,0.7968547313569002,0.7958614864864866,0.7944182389937107,xeegnet_scc_node
200,xeegnet_scc,node,xeegnet_scc_model_reducermode_node_v200.pt,/home/mgrabner/eeglass2/all-in-on-eeg/backend/ml/pretrained_models/cn_ad/xeegnet_scc_model_reducermode_node_v200.pt,cn_ad,,test,subject_majority,12,0.9166666666666666,0.9166666666666667,0.916083916083916,0.9160839160839161,0.9285714285714286,0.9285714285714285,0.9166666666666667,0.9166666666666666,xeegnet_scc_node
200,xeegnet_scc,node,xeegnet_scc_model_reducermode_node_v200.pt,/home/mgrabner/eeglass2/all-in-on-eeg/backend/ml/pretrained_models/cn_ad/xeegnet_scc_model_reducermode_node_v200.pt,cn_ad,,train,window,8445,0.9047957371225577,0.9013875088947287,0.9024373575812279,0.9046628200730082,0.9036355112734402,0.9046719350853051,0.9013875088947287,0.9047957371225577,xeegnet_scc_node
200,xeegnet_scc,node,xeegnet_scc_model_reducermode_node_v200.pt,/home/mgrabner/eeglass2/all-in-on-eeg/backend/ml/pretrained_models/cn_ad/xeegnet_scc_model_reducermode_node_v200.pt,cn_ad,,train,subject_majority,41,0.9512195121951219,0.9497549019607843,0.9497549019607843,0.9512195121951219,0.9497549019607843,0.9512195121951219,0.9497549019607843,0.9512195121951219,xeegnet_scc_node
200,xeegnet_scc,node,xeegnet_scc_model_reducermode_node_v200.pt,/home/mgrabner/eeglass2/all-in-on-eeg/backend/ml/pretrained_models/cn_ad/xeegnet_scc_model_reducermode_node_v200.pt,cn_ad,,val,window,2293,0.7815089402529437,0.778934792249698,0.7796608544063015,0.7810953210396476,0.781055895835741,0.7813432352910097,0.778934792249698,0.7815089402529437,xeegnet_scc_node
200,xeegnet_scc,node,xeegnet_scc_model_reducermode_node_v200.pt,/home/mgrabner/eeglass2/all-in-on-eeg/backend/ml/pretrained_models/cn_ad/xeegnet_scc_model_reducermode_node_v200.pt,cn_ad,,val,subject_majority,2,1.0,1.0,1.0,1.0,1.0,1.0,1.0,1.0,xeegnet_scc_node
200,xeegnet_scc,edge,xeegnet_scc_model_reducermode_edge_v200.pt,/home/mgrabner/eeglass2/all-in-on-eeg/backend/ml/pretrained_models/cn_ad/xeegnet_scc_model_reducermode_edge_v200.pt,cn_ad,,test,window,2544,0.7224842767295597,0.7197833863275039,0.72027672305579,0.7219958798990797,0.7213366355210327,0.7220684646974848,0.7197833863275039,0.7224842767295597,xeegnet_scc_edge
200,xeegnet_scc,edge,xeegnet_scc_model_reducermode_edge_v200.pt,/home/mgrabner/eeglass2/all-in-on-eeg/backend/ml/pretrained_models/cn_ad/xeegnet_scc_model_reducermode_edge_v200.pt,cn_ad,,test,subject_majority,12,0.75,0.75,0.7482517482517483,0.7482517482517483,0.7571428571428571,0.7571428571428571,0.75,0.75,xeegnet_scc_edge
200,xeegnet_scc,edge,xeegnet_scc_model_reducermode_edge_v200.pt,/home/mgrabner/eeglass2/all-in-on-eeg/backend/ml/pretrained_models/cn_ad/xeegnet_scc_model_reducermode_edge_v200.pt,cn_ad,,train,window,8445,0.9668442865600947,0.9652981767568745,0.9660584381656685,0.9668161550222397,0.9668800702793459,0.9668467599651821,0.9652981767568745,0.9668442865600947,xeegnet_scc_edge
200,xeegnet_scc,edge,xeegnet_scc_model_reducermode_edge_v200.pt,/home/mgrabner/eeglass2/all-in-on-eeg/backend/ml/pretrained_models/cn_ad/xeegnet_scc_model_reducermode_edge_v200.pt,cn_ad,,train,subject_majority,41,1.0,1.0,1.0,1.0,1.0,1.0,1.0,1.0,xeegnet_scc_edge
200,xeegnet_scc,edge,xeegnet_scc_model_reducermode_edge_v200.pt,/home/mgrabner/eeglass2/all-in-on-eeg/backend/ml/pretrained_models/cn_ad/xeegnet_scc_model_reducermode_edge_v200.pt,cn_ad,,val,window,2293,0.8159616223288269,0.8135312963557677,0.8143899635702951,0.8156040885828102,0.8159782906883914,0.815967800562488,0.8135312963557677,0.8159616223288269,xeegnet_scc_edge
200,xeegnet_scc,edge,xeegnet_scc_model_reducermode_edge_v200.pt,/home/mgrabner/eeglass2/all-in-on-eeg/backend/ml/pretrained_models/cn_ad/xeegnet_scc_model_reducermode_edge_v200.pt,cn_ad,,val,subject_majority,2,1.0,1.0,1.0,1.0,1.0,1.0,1.0,1.0,xeegnet_scc_edge
201,xeegnet,None,xeegnet_model_v201.pt,/home/mgrabner/eeglass2/all-in-on-eeg/backend/ml/pretrained_models/cn_ad/xeegnet_model_v201.pt,cn_ad,,test,window,2527,0.6755045508508113,0.6756993773568359,0.6739765253783945,0.6739146977581234,0.6791947766533784,0.6792679539355821,0.6756993773568359,0.6755045508508113,xeegnet
201,xeegnet,None,xeegnet_model_v201.pt,/home/mgrabner/eeglass2/all-in-on-eeg/backend/ml/pretrained_models/cn_ad/xeegnet_model_v201.pt,cn_ad,,test,subject_majority,12,0.6666666666666666,0.6666666666666667,0.6571428571428571,0.6571428571428571,0.6875,0.6875,0.6666666666666667,0.6666666666666666,xeegnet
201,xeegnet,None,xeegnet_model_v201.pt,/home/mgrabner/eeglass2/all-in-on-eeg/backend/ml/pretrained_models/cn_ad/xeegnet_model_v201.pt,cn_ad,,train,window,8211,0.9113384484228474,0.9092290988711749,0.9097031191899104,0.9112851707283807,0.9102139426945262,0.9112674892533127,0.9092290988711749,0.9113384484228474,xeegnet
201,xeegnet,None,xeegnet_model_v201.pt,/home/mgrabner/eeglass2/all-in-on-eeg/backend/ml/pretrained_models/cn_ad/xeegnet_model_v201.pt,cn_ad,,train,subject_majority,41,0.9512195121951219,0.9583333333333333,0.9504830917874396,0.951514080358195,0.9473684210526316,0.956354300385109,0.9583333333333333,0.9512195121951219,xeegnet
201,xeegnet,None,xeegnet_model_v201.pt,/home/mgrabner/eeglass2/all-in-on-eeg/backend/ml/pretrained_models/cn_ad/xeegnet_model_v201.pt,cn_ad,,val,window,2544,0.7142295597484277,0.709658187599364,0.7103879104684918,0.7126955223226513,0.7142187709198018,0.7142234022218461,0.709658187599364,0.7142295597484277,xeegnet
201,xeegnet,None,xeegnet_model_v201.pt,/home/mgrabner/eeglass2/all-in-on-eeg/backend/ml/pretrained_models/cn_ad/xeegnet_model_v201.pt,cn_ad,,val,subject_majority,12,0.75,0.75,0.7482517482517483,0.7482517482517483,0.7571428571428571,0.7571428571428571,0.75,0.75,xeegnet
201,xeegnet_scc,mean,xeegnet_scc_model_v201.pt,/home/mgrabner/eeglass2/all-in-on-eeg/backend/ml/pretrained_models/cn_ad/xeegnet_scc_model_v201.pt,cn_ad,,test,window,2527,0.8116343490304709,0.8115430149960536,0.8114004059074842,0.8114188059283933,0.812973767904541,0.8129189378921521,0.8115430149960536,0.8116343490304709,xeegnet_scc_mean
201,xeegnet_scc,mean,xeegnet_scc_model_v201.pt,/home/mgrabner/eeglass2/all-in-on-eeg/backend/ml/pretrained_models/cn_ad/xeegnet_scc_model_v201.pt,cn_ad,,test,subject_majority,12,0.9166666666666666,0.9166666666666667,0.916083916083916,0.9160839160839161,0.9285714285714286,0.9285714285714285,0.9166666666666667,0.9166666666666666,xeegnet_scc_mean
201,xeegnet_scc,mean,xeegnet_scc_model_v201.pt,/home/mgrabner/eeglass2/all-in-on-eeg/backend/ml/pretrained_models/cn_ad/xeegnet_scc_model_v201.pt,cn_ad,,train,window,8211,0.8085495067592254,0.8007968887300959,0.803270878018084,0.807466308593757,0.8076903511620412,0.8082569380426026,0.8007968887300959,0.8085495067592254,xeegnet_scc_mean
201,xeegnet_scc,mean,xeegnet_scc_model_v201.pt,/home/mgrabner/eeglass2/all-in-on-eeg/backend/ml/pretrained_models/cn_ad/xeegnet_scc_model_v201.pt,cn_ad,,train,subject_majority,41,0.8780487804878049,0.8786764705882353,0.8753799392097263,0.8784935873674846,0.8731884057971014,0.8799929303640861,0.8786764705882353,0.8780487804878049,xeegnet_scc_mean
201,xeegnet_scc,mean,xeegnet_scc_model_v201.pt,/home/mgrabner/eeglass2/all-in-on-eeg/backend/ml/pretrained_models/cn_ad/xeegnet_scc_model_v201.pt,cn_ad,,val,window,2544,0.6474056603773585,0.6456826311605723,0.6456905381744298,0.6473959704214097,0.6456986465746992,0.6473864804469915,0.6456826311605723,0.6474056603773584,xeegnet_scc_mean
201,xeegnet_scc,mean,xeegnet_scc_model_v201.pt,/home/mgrabner/eeglass2/all-in-on-eeg/backend/ml/pretrained_models/cn_ad/xeegnet_scc_model_v201.pt,cn_ad,,val,subject_majority,2,1.0,1.0,1.0,1.0,1.0,1.0,1.0,1.0,xeegnet_scc_mean
201,xeegnet_scc,node,xeegnet_scc_model_reducermode_node_v201.pt,/home/mgrabner/eeglass2/all-in-on-eeg/backend/ml/pretrained_models/cn_ad/xeegnet_scc_model_reducermode_node_v201.pt,cn_ad,,test,window,2527,0.7538583300356153,0.7539002893975271,0.7538163467321572,0.7538074411829387,0.7541104006018431,0.7541345717520294,0.7539002893975271,0.7538583300356153,xeegnet_scc_node
201,xeegnet_scc,node,xeegnet_scc_model_reducermode_node_v201.pt,/home/mgrabner/eeglass2/all-in-on-eeg/backend/ml/pretrained_models/cn_ad/xeegnet_scc_model_reducermode_node_v201.pt,cn_ad,,test,subject_majority,12,0.8333333333333334,0.8333333333333334,0.8333333333333334,0.8333333333333334,0.8333333333333334,0.8333333333333334,0.8333333333333334,0.8333333333333334,xeegnet_scc_node
201,xeegnet_scc,node,xeegnet_scc_model_reducermode_node_v201.pt,/home/mgrabner/eeglass2/all-in-on-eeg/backend/ml/pretrained_models/cn_ad/xeegnet_scc_model_reducermode_node_v201.pt,cn_ad,,train,window,8211,0.9193764462306662,0.9159863278420997,0.9176377775129856,0.9191957296162551,0.9197337114228487,0.9194437216806749,0.9159863278420997,0.9193764462306662,xeegnet_scc_node
201,xeegnet_scc,node,xeegnet_scc_model_reducermode_node_v201.pt,/home/mgrabner/eeglass2/all-in-on-eeg/backend/ml/pretrained_models/cn_ad/xeegnet_scc_model_reducermode_node_v201.pt,cn_ad,,train,subject_majority,41,0.975609756097561,0.9791666666666667,0.9750759878419453,0.9756987174734969,0.9722222222222222,0.9769647696476965,0.9791666666666667,0.975609756097561,xeegnet_scc_node
201,xeegnet_scc,node,xeegnet_scc_model_reducermode_node_v201.pt,/home/mgrabner/eeglass2/all-in-on-eeg/backend/ml/pretrained_models/cn_ad/xeegnet_scc_model_reducermode_node_v201.pt,cn_ad,,val,window,2544,0.7091194968553459,0.708704292527822,0.7082359009202248,0.7093467072386628,0.7080530929622109,0.7098577764736701,0.708704292527822,0.7091194968553459,xeegnet_scc_node
201,xeegnet_scc,node,xeegnet_scc_model_reducermode_node_v201.pt,/home/mgrabner/eeglass2/all-in-on-eeg/backend/ml/pretrained_models/cn_ad/xeegnet_scc_model_reducermode_node_v201.pt,cn_ad,,val,subject_majority,2,1.0,1.0,1.0,1.0,1.0,1.0,1.0,1.0,xeegnet_scc_node
201,xeegnet_scc,edge,xeegnet_scc_model_reducermode_edge_v201.pt,/home/mgrabner/eeglass2/all-in-on-eeg/backend/ml/pretrained_models/cn_ad/xeegnet_scc_model_reducermode_edge_v201.pt,cn_ad,,test,window,2527,0.7752275425405619,0.7752411646058055,0.7752258177672542,0.7752240929939466,0.7752580619699534,0.775268235113084,0.7752411646058055,0.7752275425405619,xeegnet_scc_edge
201,xeegnet_scc,edge,xeegnet_scc_model_reducermode_edge_v201.pt,/home/mgrabner/eeglass2/all-in-on-eeg/backend/ml/pretrained_models/cn_ad/xeegnet_scc_model_reducermode_edge_v201.pt,cn_ad,,test,subject_majority,12,0.8333333333333334,0.8333333333333334,0.8333333333333334,0.8333333333333334,0.8333333333333334,0.8333333333333334,0.8333333333333334,0.8333333333333334,xeegnet_scc_edge
201,xeegnet_scc,edge,xeegnet_scc_model_reducermode_edge_v201.pt,/home/mgrabner/eeglass2/all-in-on-eeg/backend/ml/pretrained_models/cn_ad/xeegnet_scc_model_reducermode_edge_v201.pt,cn_ad,,train,window,8211,0.9551820728291317,0.9538286749582363,0.9543554228872075,0.9551551412473132,0.9549208513665738,0.9551655890909158,0.9538286749582363,0.9551820728291317,xeegnet_scc_edge
201,xeegnet_scc,edge,xeegnet_scc_model_reducermode_edge_v201.pt,/home/mgrabner/eeglass2/all-in-on-eeg/backend/ml/pretrained_models/cn_ad/xeegnet_scc_model_reducermode_edge_v201.pt,cn_ad,,train,subject_majority,41,1.0,1.0,1.0,1.0,1.0,1.0,1.0,1.0,xeegnet_scc_edge
201,xeegnet_scc,edge,xeegnet_scc_model_reducermode_edge_v201.pt,/home/mgrabner/eeglass2/all-in-on-eeg/backend/ml/pretrained_models/cn_ad/xeegnet_scc_model_reducermode_edge_v201.pt,cn_ad,,val,window,2544,0.6383647798742138,0.6362976947535771,0.6363790030500613,0.638238028162034,0.636488920287764,0.6381396767238399,0.6362976947535771,0.6383647798742138,xeegnet_scc_edge
201,xeegnet_scc,edge,xeegnet_scc_model_reducermode_edge_v201.pt,/home/mgrabner/eeglass2/all-in-on-eeg/backend/ml/pretrained_models/cn_ad/xeegnet_scc_model_reducermode_edge_v201.pt,cn_ad,,val,subject_majority,2,1.0,1.0,1.0,1.0,1.0,1.0,1.0,1.0,xeegnet_scc_edge
202,xeegnet,None,xeegnet_model_v202.pt,/home/mgrabner/eeglass2/all-in-on-eeg/backend/ml/pretrained_models/cn_ad/xeegnet_model_v202.pt,cn_ad,,test,window,2383,0.49979018044481743,0.49803608218327544,0.497773647568693,0.4990690362374616,0.4980247181666319,0.4988600832446026,0.49803608218327544,0.49979018044481743,xeegnet
202,xeegnet,None,xeegnet_model_v202.pt,/home/mgrabner/eeglass2/all-in-on-eeg/backend/ml/pretrained_models/cn_ad/xeegnet_model_v202.pt,cn_ad,,test,subject_majority,12,0.5,0.5,0.5,0.5,0.5,0.5,0.5,0.5,xeegnet
202,xeegnet,None,xeegnet_model_v202.pt,/home/mgrabner/eeglass2/all-in-on-eeg/backend/ml/pretrained_models/cn_ad/xeegnet_model_v202.pt,cn_ad,,train,window,8372,0.8041089345437171,0.7941477903897851,0.796817130030419,0.8029871184647481,0.8009699634488199,0.803271875585078,0.7941477903897851,0.8041089345437171,xeegnet
202,xeegnet,None,xeegnet_model_v202.pt,/home/mgrabner/eeglass2/all-in-on-eeg/backend/ml/pretrained_models/cn_ad/xeegnet_model_v202.pt,cn_ad,,train,subject_majority,41,0.9024390243902439,0.8909313725490196,0.8975,0.9013414634146341,0.908974358974359,0.9048155096935585,0.8909313725490196,0.9024390243902439,xeegnet
202,xeegnet,None,xeegnet_model_v202.pt,/home/mgrabner/eeglass2/all-in-on-eeg/backend/ml/pretrained_models/cn_ad/xeegnet_model_v202.pt,cn_ad,,val,window,2527,0.7645429362880887,0.7643975269665877,0.7638386381609896,0.7638743634283062,0.7674258810828072,0.7673508602145431,0.7643975269665877,0.7645429362880887,xeegnet
202,xeegnet,None,xeegnet_model_v202.pt,/home/mgrabner/eeglass2/all-in-on-eeg/backend/ml/pretrained_models/cn_ad/xeegnet_model_v202.pt,cn_ad,,val,subject_majority,12,0.9166666666666666,0.9166666666666667,0.916083916083916,0.9160839160839161,0.9285714285714286,0.9285714285714285,0.9166666666666667,0.9166666666666666,xeegnet
202,xeegnet_scc,mean,xeegnet_scc_model_v202.pt,/home/mgrabner/eeglass2/all-in-on-eeg/backend/ml/pretrained_models/cn_ad/xeegnet_scc_model_v202.pt,cn_ad,,test,window,2383,0.6579941250524549,0.6569987723308779,0.6570953625698625,0.6578099524125793,0.6573373542534311,0.6577707336242156,0.6569987723308779,0.6579941250524548,xeegnet_scc_mean
202,xeegnet_scc,mean,xeegnet_scc_model_v202.pt,/home/mgrabner/eeglass2/all-in-on-eeg/backend/ml/pretrained_models/cn_ad/xeegnet_scc_model_v202.pt,cn_ad,,test,subject_majority,12,0.75,0.75,0.7482517482517483,0.7482517482517483,0.7571428571428571,0.7571428571428571,0.75,0.75,xeegnet_scc_mean
202,xeegnet_scc,mean,xeegnet_scc_model_v202.pt,/home/mgrabner/eeglass2/all-in-on-eeg/backend/ml/pretrained_models/cn_ad/xeegnet_scc_model_v202.pt,cn_ad,,train,window,8372,0.8731485905398949,0.8691350431735985,0.8696267730689886,0.8730615688872707,0.8701493770752241,0.8730039476210314,0.8691350431735985,0.8731485905398949,xeegnet_scc_mean
202,xeegnet_scc,mean,xeegnet_scc_model_v202.pt,/home/mgrabner/eeglass2/all-in-on-eeg/backend/ml/pretrained_models/cn_ad/xeegnet_scc_model_v202.pt,cn_ad,,train,subject_majority,41,0.9024390243902439,0.8995098039215685,0.8995098039215685,0.9024390243902439,0.8995098039215685,0.9024390243902439,0.8995098039215685,0.9024390243902439,xeegnet_scc_mean
202,xeegnet_scc,mean,xeegnet_scc_model_v202.pt,/home/mgrabner/eeglass2/all-in-on-eeg/backend/ml/pretrained_models/cn_ad/xeegnet_scc_model_v202.pt,cn_ad,,val,window,2527,0.817174515235457,0.8171950363939313,0.8171696765827898,0.8171670711544307,0.8172467045910184,0.8172620174846225,0.8171950363939313,0.817174515235457,xeegnet_scc_mean
202,xeegnet_scc,mean,xeegnet_scc_model_v202.pt,/home/mgrabner/eeglass2/all-in-on-eeg/backend/ml/pretrained_models/cn_ad/xeegnet_scc_model_v202.pt,cn_ad,,val,subject_majority,2,1.0,1.0,1.0,1.0,1.0,1.0,1.0,1.0,xeegnet_scc_mean
202,xeegnet_scc,node,xeegnet_scc_model_reducermode_node_v202.pt,/home/mgrabner/eeglass2/all-in-on-eeg/backend/ml/pretrained_models/cn_ad/xeegnet_scc_model_reducermode_node_v202.pt,cn_ad,,test,window,2383,0.5136382710868653,0.5170914119606017,0.511651402993678,0.5103834674342097,0.5175603419279261,0.5185090722810006,0.5170914119606017,0.5136382710868653,xeegnet_scc_node
202,xeegnet_scc,node,xeegnet_scc_model_reducermode_node_v202.pt,/home/mgrabner/eeglass2/all-in-on-eeg/backend/ml/pretrained_models/cn_ad/xeegnet_scc_model_reducermode_node_v202.pt,cn_ad,,test,subject_majority,12,0.5,0.5,0.4857142857142857,0.48571428571428577,0.5,0.5,0.5,0.5,xeegnet_scc_node
202,xeegnet_scc,node,xeegnet_scc_model_reducermode_node_v202.pt,/home/mgrabner/eeglass2/all-in-on-eeg/backend/ml/pretrained_models/cn_ad/xeegnet_scc_model_reducermode_node_v202.pt,cn_ad,,train,window,8372,0.8573817486860965,0.8511837412003207,0.8528703661346833,0.8570001583475049,0.8549633401973207,0.8570045378023126,0.8511837412003207,0.8573817486860965,xeegnet_scc_node
202,xeegnet_scc,node,xeegnet_scc_model_reducermode_node_v202.pt,/home/mgrabner/eeglass2/all-in-on-eeg/backend/ml/pretrained_models/cn_ad/xeegnet_scc_model_reducermode_node_v202.pt,cn_ad,,train,subject_majority,41,0.9024390243902439,0.8995098039215685,0.8995098039215685,0.9024390243902439,0.8995098039215685,0.9024390243902439,0.8995098039215685,0.9024390243902439,xeegnet_scc_node
202,xeegnet_scc,node,xeegnet_scc_model_reducermode_node_v202.pt,/home/mgrabner/eeglass2/all-in-on-eeg/backend/ml/pretrained_models/cn_ad/xeegnet_scc_model_reducermode_node_v202.pt,cn_ad,,val,window,2527,0.8302334784329244,0.8299548364465492,0.8284170836018068,0.8284659865395677,0.8441348063555114,0.8439451196197255,0.8299548364465492,0.8302334784329244,xeegnet_scc_node
202,xeegnet_scc,node,xeegnet_scc_model_reducermode_node_v202.pt,/home/mgrabner/eeglass2/all-in-on-eeg/backend/ml/pretrained_models/cn_ad/xeegnet_scc_model_reducermode_node_v202.pt,cn_ad,,val,subject_majority,2,1.0,1.0,1.0,1.0,1.0,1.0,1.0,1.0,xeegnet_scc_node
202,xeegnet_scc,edge,xeegnet_scc_model_reducermode_edge_v202.pt,/home/mgrabner/eeglass2/all-in-on-eeg/backend/ml/pretrained_models/cn_ad/xeegnet_scc_model_reducermode_edge_v202.pt,cn_ad,,test,window,2383,0.5543432647922787,0.5571966810600288,0.5533389105388005,0.5524767657371421,0.5581706240716423,0.5593200167964048,0.5571966810600288,0.5543432647922787,xeegnet_scc_edge
202,xeegnet_scc,edge,xeegnet_scc_model_reducermode_edge_v202.pt,/home/mgrabner/eeglass2/all-in-on-eeg/backend/ml/pretrained_models/cn_ad/xeegnet_scc_model_reducermode_edge_v202.pt,cn_ad,,test,subject_majority,12,0.6666666666666666,0.6666666666666667,0.6571428571428571,0.6571428571428571,0.6875,0.6875,0.6666666666666667,0.6666666666666666,xeegnet_scc_edge
202,xeegnet_scc,edge,xeegnet_scc_model_reducermode_edge_v202.pt,/home/mgrabner/eeglass2/all-in-on-eeg/backend/ml/pretrained_models/cn_ad/xeegnet_scc_model_reducermode_edge_v202.pt,cn_ad,,train,window,8372,0.9590301003344481,0.9547857047255637,0.9576656672520644,0.9588839434972798,0.9613245031066455,0.9594740893324334,0.9547857047255637,0.9590301003344481,xeegnet_scc_edge
202,xeegnet_scc,edge,xeegnet_scc_model_reducermode_edge_v202.pt,/home/mgrabner/eeglass2/all-in-on-eeg/backend/ml/pretrained_models/cn_ad/xeegnet_scc_model_reducermode_edge_v202.pt,cn_ad,,train,subject_majority,41,1.0,1.0,1.0,1.0,1.0,1.0,1.0,1.0,xeegnet_scc_edge
202,xeegnet_scc,edge,xeegnet_scc_model_reducermode_edge_v202.pt,/home/mgrabner/eeglass2/all-in-on-eeg/backend/ml/pretrained_models/cn_ad/xeegnet_scc_model_reducermode_edge_v202.pt,cn_ad,,val,window,2527,0.7831420656905421,0.78306585986144,0.7829508735280803,0.7829687181299102,0.7839730538169569,0.7839323760765031,0.78306585986144,0.7831420656905421,xeegnet_scc_edge
202,xeegnet_scc,edge,xeegnet_scc_model_reducermode_edge_v202.pt,/home/mgrabner/eeglass2/all-in-on-eeg/backend/ml/pretrained_models/cn_ad/xeegnet_scc_model_reducermode_edge_v202.pt,cn_ad,,val,subject_majority,2,1.0,1.0,1.0,1.0,1.0,1.0,1.0,1.0,xeegnet_scc_edge
203,xeegnet,None,xeegnet_model_v203.pt,/home/mgrabner/eeglass2/all-in-on-eeg/backend/ml/pretrained_models/cn_ad/xeegnet_model_v203.pt,cn_ad,,test,window,2525,0.33821782178217824,0.34263138198946913,0.3235350373666818,0.32073267797555216,0.3244686066463564,0.32327082226029097,0.34263138198946913,0.33821782178217824,xeegnet
203,xeegnet,None,xeegnet_model_v203.pt,/home/mgrabner/eeglass2/all-in-on-eeg/backend/ml/pretrained_models/cn_ad/xeegnet_model_v203.pt,cn_ad,,test,subject_majority,12,0.3333333333333333,0.3333333333333333,0.3142857142857143,0.3142857142857143,0.3125,0.3125,0.3333333333333333,0.3333333333333333,xeegnet
203,xeegnet,None,xeegnet_model_v203.pt,/home/mgrabner/eeglass2/all-in-on-eeg/backend/ml/pretrained_models/cn_ad/xeegnet_model_v203.pt,cn_ad,,train,window,8374,0.539407690470504,0.4960609316956629,0.4793068582415263,0.509304461673916,0.49482992958159044,0.5096543840224,0.4960609316956629,0.539407690470504,xeegnet
203,xeegnet,None,xeegnet_model_v203.pt,/home/mgrabner/eeglass2/all-in-on-eeg/backend/ml/pretrained_models/cn_ad/xeegnet_model_v203.pt,cn_ad,,train,subject_majority,41,0.5853658536585366,0.508578431372549,0.4177109440267335,0.471055688000489,0.5448717948717949,0.5525328330206379,0.508578431372549,0.5853658536585366,xeegnet
203,xeegnet,None,xeegnet_model_v203.pt,/home/mgrabner/eeglass2/all-in-on-eeg/backend/ml/pretrained_models/cn_ad/xeegnet_model_v203.pt,cn_ad,,val,window,2383,0.5002098195551825,0.5067546496204103,0.49019486331654016,0.48728632812148526,0.5075182626204877,0.5084449540941277,0.5067546496204103,0.5002098195551825,xeegnet
203,xeegnet,None,xeegnet_model_v203.pt,/home/mgrabner/eeglass2/all-in-on-eeg/backend/ml/pretrained_models/cn_ad/xeegnet_model_v203.pt,cn_ad,,val,subject_majority,12,0.4166666666666667,0.41666666666666663,0.37777777777777777,0.37777777777777777,0.38888888888888884,0.38888888888888884,0.41666666666666663,0.4166666666666667,xeegnet
203,xeegnet_scc,mean,xeegnet_scc_model_v203.pt,/home/mgrabner/eeglass2/all-in-on-eeg/backend/ml/pretrained_models/cn_ad/xeegnet_scc_model_v203.pt,cn_ad,,test,window,2525,0.8348514851485148,0.8329264632567438,0.8334454058265992,0.8338757145845993,0.8409220378912283,0.8398253222557762,0.8329264632567438,0.8348514851485148,xeegnet_scc_mean
203,xeegnet_scc,mean,xeegnet_scc_model_v203.pt,/home/mgrabner/eeglass2/all-in-on-eeg/backend/ml/pretrained_models/cn_ad/xeegnet_scc_model_v203.pt,cn_ad,,test,subject_majority,12,0.9166666666666666,0.9166666666666667,0.916083916083916,0.9160839160839161,0.9285714285714286,0.9285714285714285,0.9166666666666667,0.9166666666666666,xeegnet_scc_mean
203,xeegnet_scc,mean,xeegnet_scc_model_v203.pt,/home/mgrabner/eeglass2/all-in-on-eeg/backend/ml/pretrained_models/cn_ad/xeegnet_scc_model_v203.pt,cn_ad,,train,window,8374,0.779675185096728,0.7690865830940498,0.7711637261706918,0.7786474857217576,0.7741573332222751,0.7784862556873154,0.7690865830940498,0.779675185096728,xeegnet_scc_mean
203,xeegnet_scc,mean,xeegnet_scc_model_v203.pt,/home/mgrabner/eeglass2/all-in-on-eeg/backend/ml/pretrained_models/cn_ad/xeegnet_scc_model_v203.pt,cn_ad,,train,subject_majority,41,0.8048780487804879,0.7904411764705883,0.7949999999999999,0.8026829268292682,0.8038461538461539,0.8045028142589119,0.7904411764705883,0.8048780487804879,xeegnet_scc_mean
203,xeegnet_scc,mean,xeegnet_scc_model_v203.pt,/home/mgrabner/eeglass2/all-in-on-eeg/backend/ml/pretrained_models/cn_ad/xeegnet_scc_model_v203.pt,cn_ad,,val,window,2383,0.6365925304238355,0.6360578415601276,0.6360381937340831,0.6366163728621044,0.6360221402109909,0.6366438014542035,0.6360578415601276,0.6365925304238355,xeegnet_scc_mean
203,xeegnet_scc,mean,xeegnet_scc_model_v203.pt,/home/mgrabner/eeglass2/all-in-on-eeg/backend/ml/pretrained_models/cn_ad/xeegnet_scc_model_v203.pt,cn_ad,,val,subject_majority,2,1.0,1.0,1.0,1.0,1.0,1.0,1.0,1.0,xeegnet_scc_mean
203,xeegnet_scc,node,xeegnet_scc_model_reducermode_node_v203.pt,/home/mgrabner/eeglass2/all-in-on-eeg/backend/ml/pretrained_models/cn_ad/xeegnet_scc_model_reducermode_node_v203.pt,cn_ad,,test,window,2525,0.7976237623762377,0.797385608603544,0.797430458489866,0.7976064145915631,0.7974875950003141,0.7976013348084385,0.797385608603544,0.7976237623762377,xeegnet_scc_node
203,xeegnet_scc,node,xeegnet_scc_model_reducermode_node_v203.pt,/home/mgrabner/eeglass2/all-in-on-eeg/backend/ml/pretrained_models/cn_ad/xeegnet_scc_model_reducermode_node_v203.pt,cn_ad,,test,subject_majority,12,0.8333333333333334,0.8333333333333334,0.8333333333333334,0.8333333333333334,0.8333333333333334,0.8333333333333334,0.8333333333333334,0.8333333333333334,xeegnet_scc_node
203,xeegnet_scc,node,xeegnet_scc_model_reducermode_node_v203.pt,/home/mgrabner/eeglass2/all-in-on-eeg/backend/ml/pretrained_models/cn_ad/xeegnet_scc_model_reducermode_node_v203.pt,cn_ad,,train,window,8374,0.8735371387628373,0.864601560040193,0.8683057929204199,0.8727566683525546,0.8737231574095881,0.8735854376606903,0.864601560040193,0.8735371387628373,xeegnet_scc_node
203,xeegnet_scc,node,xeegnet_scc_model_reducermode_node_v203.pt,/home/mgrabner/eeglass2/all-in-on-eeg/backend/ml/pretrained_models/cn_ad/xeegnet_scc_model_reducermode_node_v203.pt,cn_ad,,train,subject_majority,41,0.926829268292683,0.920343137254902,0.9239332096474954,0.9264672609620345,0.92875,0.9272560975609756,0.920343137254902,0.926829268292683,xeegnet_scc_node
203,xeegnet_scc,node,xeegnet_scc_model_reducermode_node_v203.pt,/home/mgrabner/eeglass2/all-in-on-eeg/backend/ml/pretrained_models/cn_ad/xeegnet_scc_model_reducermode_node_v203.pt,cn_ad,,val,window,2383,0.6189676877885019,0.6199436259983631,0.6189670838997796,0.618986609635136,0.6199197659145514,0.6209346184225384,0.6199436259983631,0.6189676877885019,xeegnet_scc_node
203,xeegnet_scc,node,xeegnet_scc_model_reducermode_node_v203.pt,/home/mgrabner/eeglass2/all-in-on-eeg/backend/ml/pretrained_models/cn_ad/xeegnet_scc_model_reducermode_node_v203.pt,cn_ad,,val,subject_majority,2,1.0,1.0,1.0,1.0,1.0,1.0,1.0,1.0,xeegnet_scc_node
203,xeegnet_scc,edge,xeegnet_scc_model_reducermode_edge_v203.pt,/home/mgrabner/eeglass2/all-in-on-eeg/backend/ml/pretrained_models/cn_ad/xeegnet_scc_model_reducermode_edge_v203.pt,cn_ad,,test,window,2525,0.6986138613861386,0.6980967521972867,0.698177575458944,0.698500245259265,0.6983957199074861,0.6985237202792575,0.6980967521972867,0.6986138613861386,xeegnet_scc_edge
203,xeegnet_scc,edge,xeegnet_scc_model_reducermode_edge_v203.pt,/home/mgrabner/eeglass2/all-in-on-eeg/backend/ml/pretrained_models/cn_ad/xeegnet_scc_model_reducermode_edge_v203.pt,cn_ad,,test,subject_majority,12,0.75,0.75,0.7482517482517483,0.7482517482517483,0.7571428571428571,0.7571428571428571,0.75,0.75,xeegnet_scc_edge
203,xeegnet_scc,edge,xeegnet_scc_model_reducermode_edge_v203.pt,/home/mgrabner/eeglass2/all-in-on-eeg/backend/ml/pretrained_models/cn_ad/xeegnet_scc_model_reducermode_edge_v203.pt,cn_ad,,train,window,8374,0.8694769524719369,0.8653416256388653,0.8655394452216056,0.8694412318897636,0.8657417816305508,0.8694097917237517,0.8653416256388653,0.8694769524719369,xeegnet_scc_edge
203,xeegnet_scc,edge,xeegnet_scc_model_reducermode_edge_v203.pt,/home/mgrabner/eeglass2/all-in-on-eeg/backend/ml/pretrained_models/cn_ad/xeegnet_scc_model_reducermode_edge_v203.pt,cn_ad,,train,subject_majority,41,0.926829268292683,0.920343137254902,0.9239332096474954,0.9264672609620345,0.92875,0.9272560975609756,0.920343137254902,0.926829268292683,xeegnet_scc_edge
203,xeegnet_scc,edge,xeegnet_scc_model_reducermode_edge_v203.pt,/home/mgrabner/eeglass2/all-in-on-eeg/backend/ml/pretrained_models/cn_ad/xeegnet_scc_model_reducermode_edge_v203.pt,cn_ad,,val,window,2383,0.60973562736047,0.6095327801766715,0.6093888799587144,0.6098626052822397,0.6093903038827029,0.6101346678236675,0.6095327801766715,0.60973562736047,xeegnet_scc_edge
203,xeegnet_scc,edge,xeegnet_scc_model_reducermode_edge_v203.pt,/home/mgrabner/eeglass2/all-in-on-eeg/backend/ml/pretrained_models/cn_ad/xeegnet_scc_model_reducermode_edge_v203.pt,cn_ad,,val,subject_majority,2,1.0,1.0,1.0,1.0,1.0,1.0,1.0,1.0,xeegnet_scc_edge
204,xeegnet,None,xeegnet_model_v204.pt,/home/mgrabner/eeglass2/all-in-on-eeg/backend/ml/pretrained_models/cn_ad/xeegnet_model_v204.pt,cn_ad,,test,window,2293,0.6794592237243785,0.6829101099539692,0.6794592237243785,0.6794592237243785,0.6829101099539692,0.6863609961835597,0.6829101099539692,0.6794592237243785,xeegnet
204,xeegnet,None,xeegnet_model_v204.pt,/home/mgrabner/eeglass2/all-in-on-eeg/backend/ml/pretrained_models/cn_ad/xeegnet_model_v204.pt,cn_ad,,test,subject_majority,12,0.75,0.75,0.7482517482517483,0.7482517482517483,0.7571428571428571,0.7571428571428571,0.75,0.75,xeegnet
204,xeegnet,None,xeegnet_model_v204.pt,/home/mgrabner/eeglass2/all-in-on-eeg/backend/ml/pretrained_models/cn_ad/xeegnet_model_v204.pt,cn_ad,,train,window,8464,0.8323487712665406,0.8202749776397033,0.8243980706680443,0.8309581712173866,0.8310964083175804,0.8319759032807916,0.8202749776397033,0.8323487712665406,xeegnet
204,xeegnet,None,xeegnet_model_v204.pt,/home/mgrabner/eeglass2/all-in-on-eeg/backend/ml/pretrained_models/cn_ad/xeegnet_model_v204.pt,cn_ad,,train,subject_majority,41,0.9512195121951219,0.9411764705882353,0.94875,0.9506707317073171,0.9615384615384616,0.9549718574108818,0.9411764705882353,0.9512195121951219,xeegnet
204,xeegnet,None,xeegnet_model_v204.pt,/home/mgrabner/eeglass2/all-in-on-eeg/backend/ml/pretrained_models/cn_ad/xeegnet_model_v204.pt,cn_ad,,val,window,2525,0.7441584158415842,0.7445355088324712,0.7441439287847531,0.7441980646287009,0.744383904961867,0.7448690482206575,0.7445355088324712,0.7441584158415842,xeegnet
204,xeegnet,None,xeegnet_model_v204.pt,/home/mgrabner/eeglass2/all-in-on-eeg/backend/ml/pretrained_models/cn_ad/xeegnet_model_v204.pt,cn_ad,,val,subject_majority,12,0.8333333333333334,0.8333333333333334,0.8333333333333334,0.8333333333333334,0.8333333333333334,0.8333333333333334,0.8333333333333334,0.8333333333333334,xeegnet
204,xeegnet_scc,mean,xeegnet_scc_model_v204.pt,/home/mgrabner/eeglass2/all-in-on-eeg/backend/ml/pretrained_models/cn_ad/xeegnet_scc_model_v204.pt,cn_ad,,test,window,2293,0.7051897078063672,0.7117313544677402,0.70468280132845,0.7038130565294973,0.7157752218871511,0.7206631504853602,0.7117313544677402,0.7051897078063672,xeegnet_scc_mean
204,xeegnet_scc,mean,xeegnet_scc_model_v204.pt,/home/mgrabner/eeglass2/all-in-on-eeg/backend/ml/pretrained_models/cn_ad/xeegnet_scc_model_v204.pt,cn_ad,,test,subject_majority,12,0.75,0.75,0.7482517482517483,0.7482517482517483,0.7571428571428571,0.7571428571428571,0.75,0.75,xeegnet_scc_mean
204,xeegnet_scc,mean,xeegnet_scc_model_v204.pt,/home/mgrabner/eeglass2/all-in-on-eeg/backend/ml/pretrained_models/cn_ad/xeegnet_scc_model_v204.pt,cn_ad,,train,window,8464,0.8226606805293005,0.8216220973022177,0.81856948607014,0.8233527393874591,0.8166372488520246,0.8251134036554642,0.8216220973022177,0.8226606805293005,xeegnet_scc_mean
204,xeegnet_scc,mean,xeegnet_scc_model_v204.pt,/home/mgrabner/eeglass2/all-in-on-eeg/backend/ml/pretrained_models/cn_ad/xeegnet_scc_model_v204.pt,cn_ad,,train,subject_majority,41,0.926829268292683,0.9375,0.9261261261261262,0.9273566249176005,0.925,0.9378048780487805,0.9375,0.926829268292683,xeegnet_scc_mean
204,xeegnet_scc,mean,xeegnet_scc_model_v204.pt,/home/mgrabner/eeglass2/all-in-on-eeg/backend/ml/pretrained_models/cn_ad/xeegnet_scc_model_v204.pt,cn_ad,,val,window,2525,0.7877227722772278,0.7865294610352834,0.7868344522398291,0.7872213891886346,0.7892530028840363,0.7888269386758662,0.7865294610352834,0.7877227722772278,xeegnet_scc_mean
204,xeegnet_scc,mean,xeegnet_scc_model_v204.pt,/home/mgrabner/eeglass2/all-in-on-eeg/backend/ml/pretrained_models/cn_ad/xeegnet_scc_model_v204.pt,cn_ad,,val,subject_majority,2,1.0,1.0,1.0,1.0,1.0,1.0,1.0,1.0,xeegnet_scc_mean
204,xeegnet_scc,node,xeegnet_scc_model_reducermode_node_v204.pt,/home/mgrabner/eeglass2/all-in-on-eeg/backend/ml/pretrained_models/cn_ad/xeegnet_scc_model_reducermode_node_v204.pt,cn_ad,,test,window,2293,0.7069341474051462,0.7032022755425058,0.7038233014724877,0.7059810371619486,0.705865675110388,0.7064329747326863,0.7032022755425058,0.7069341474051462,xeegnet_scc_node
204,xeegnet_scc,node,xeegnet_scc_model_reducermode_node_v204.pt,/home/mgrabner/eeglass2/all-in-on-eeg/backend/ml/pretrained_models/cn_ad/xeegnet_scc_model_reducermode_node_v204.pt,cn_ad,,test,subject_majority,12,0.75,0.75,0.7482517482517483,0.7482517482517483,0.7571428571428571,0.7571428571428571,0.75,0.75,xeegnet_scc_node
204,xeegnet_scc,node,xeegnet_scc_model_reducermode_node_v204.pt,/home/mgrabner/eeglass2/all-in-on-eeg/backend/ml/pretrained_models/cn_ad/xeegnet_scc_model_reducermode_node_v204.pt,cn_ad,,train,window,8464,0.9089083175803403,0.904705672241978,0.9057601045384701,0.9087841798973705,0.9069179156282468,0.9087573044969103,0.904705672241978,0.9089083175803403,xeegnet_scc_node
204,xeegnet_scc,node,xeegnet_scc_model_reducermode_node_v204.pt,/home/mgrabner/eeglass2/all-in-on-eeg/backend/ml/pretrained_models/cn_ad/xeegnet_scc_model_reducermode_node_v204.pt,cn_ad,,train,subject_majority,41,1.0,1.0,1.0,1.0,1.0,1.0,1.0,1.0,xeegnet_scc_node
204,xeegnet_scc,node,xeegnet_scc_model_reducermode_node_v204.pt,/home/mgrabner/eeglass2/all-in-on-eeg/backend/ml/pretrained_models/cn_ad/xeegnet_scc_model_reducermode_node_v204.pt,cn_ad,,val,window,2525,0.7247524752475247,0.7245681086694721,0.7245527037274049,0.7247612886969418,0.7245393477100794,0.7247721485586736,0.7245681086694721,0.7247524752475247,xeegnet_scc_node
204,xeegnet_scc,node,xeegnet_scc_model_reducermode_node_v204.pt,/home/mgrabner/eeglass2/all-in-on-eeg/backend/ml/pretrained_models/cn_ad/xeegnet_scc_model_reducermode_node_v204.pt,cn_ad,,val,subject_majority,2,1.0,1.0,1.0,1.0,1.0,1.0,1.0,1.0,xeegnet_scc_node
204,xeegnet_scc,edge,xeegnet_scc_model_reducermode_edge_v204.pt,/home/mgrabner/eeglass2/all-in-on-eeg/backend/ml/pretrained_models/cn_ad/xeegnet_scc_model_reducermode_edge_v204.pt,cn_ad,,test,window,2293,0.7422590492804186,0.735933461791378,0.7370082670386016,0.7396498642775404,0.7457348987302255,0.7445667266470946,0.735933461791378,0.7422590492804186,xeegnet_scc_edge
204,xeegnet_scc,edge,xeegnet_scc_model_reducermode_edge_v204.pt,/home/mgrabner/eeglass2/all-in-on-eeg/backend/ml/pretrained_models/cn_ad/xeegnet_scc_model_reducermode_edge_v204.pt,cn_ad,,test,subject_majority,12,0.8333333333333334,0.8333333333333333,0.8285714285714285,0.8285714285714286,0.875,0.875,0.8333333333333333,0.8333333333333334,xeegnet_scc_edge
204,xeegnet_scc,edge,xeegnet_scc_model_reducermode_edge_v204.pt,/home/mgrabner/eeglass2/all-in-on-eeg/backend/ml/pretrained_models/cn_ad/xeegnet_scc_model_reducermode_edge_v204.pt,cn_ad,,train,window,8464,0.9678638941398866,0.9683828140415462,0.9669412506336166,0.9679108745730205,0.9656516424246788,0.9681012743537389,0.9683828140415462,0.9678638941398866,xeegnet_scc_edge
204,xeegnet_scc,edge,xeegnet_scc_model_reducermode_edge_v204.pt,/home/mgrabner/eeglass2/all-in-on-eeg/backend/ml/pretrained_models/cn_ad/xeegnet_scc_model_reducermode_edge_v204.pt,cn_ad,,train,subject_majority,41,1.0,1.0,1.0,1.0,1.0,1.0,1.0,1.0,xeegnet_scc_edge
204,xeegnet_scc,edge,xeegnet_scc_model_reducermode_edge_v204.pt,/home/mgrabner/eeglass2/all-in-on-eeg/backend/ml/pretrained_models/cn_ad/xeegnet_scc_model_reducermode_edge_v204.pt,cn_ad,,val,window,2525,0.7172277227722772,0.7176503755385691,0.7172202270708166,0.7172611651326402,0.7175473829546881,0.7180517356869363,0.7176503755385691,0.7172277227722772,xeegnet_scc_edge
204,xeegnet_scc,edge,xeegnet_scc_model_reducermode_edge_v204.pt,/home/mgrabner/eeglass2/all-in-on-eeg/backend/ml/pretrained_models/cn_ad/xeegnet_scc_model_reducermode_edge_v204.pt,cn_ad,,val,subject_majority,2,1.0,1.0,1.0,1.0,1.0,1.0,1.0,1.0,xeegnet_scc_edge
200,xeegnet,None,xeegnet_model_v200.pt,/home/mgrabner/eeglass2/all-in-on-eeg/backend/ml/pretrained_models/cn_disease/xeegnet_model_v200.pt,cn_disease,,test,window,3604,0.7846836847946725,0.7113364138932321,0.7275844616510927,0.7703569706241016,0.7774922325381041,0.7817987417382584,0.7113364138932321,0.7846836847946725,xeegnet
200,xeegnet,None,xeegnet_model_v200.pt,/home/mgrabner/eeglass2/all-in-on-eeg/backend/ml/pretrained_models/cn_disease/xeegnet_model_v200.pt,cn_disease,,test,subject_majority,18,0.8888888888888888,0.8333333333333333,0.8615384615384616,0.882051282051282,0.9285714285714286,0.9047619047619047,0.8333333333333333,0.8888888888888888,xeegnet
200,xeegnet,None,xeegnet_model_v200.pt,/home/mgrabner/eeglass2/all-in-on-eeg/backend/ml/pretrained_models/cn_disease/xeegnet_model_v200.pt,cn_disease,,train,window,10981,0.8603952281213004,0.8269519647455017,0.8366059989306998,0.8580390156835679,0.8498354980606249,0.8584919542992894,0.8269519647455017,0.8603952281213004,xeegnet
200,xeegnet,None,xeegnet_model_v200.pt,/home/mgrabner/eeglass2/all-in-on-eeg/backend/ml/pretrained_models/cn_disease/xeegnet_model_v200.pt,cn_disease,,train,subject_majority,55,0.9090909090909091,0.8854489164086687,0.8917748917748918,0.9083038173947263,0.8990384615384616,0.9082167832167832,0.8854489164086687,0.9090909090909091,xeegnet
200,xeegnet,None,xeegnet_model_v200.pt,/home/mgrabner/eeglass2/all-in-on-eeg/backend/ml/pretrained_models/cn_disease/xeegnet_model_v200.pt,cn_disease,,val,window,3274,0.7458766035430666,0.7033995784258472,0.7113722777656986,0.7363056156507578,0.7369167933835256,0.7419853443589782,0.7033995784258472,0.7458766035430666,xeegnet
200,xeegnet,None,xeegnet_model_v200.pt,/home/mgrabner/eeglass2/all-in-on-eeg/backend/ml/pretrained_models/cn_disease/xeegnet_model_v200.pt,cn_disease,,val,subject_majority,18,0.8333333333333334,0.7916666666666666,0.8036363636363637,0.8290909090909091,0.823076923076923,0.8307692307692308,0.7916666666666666,0.8333333333333334,xeegnet
200,xeegnet_scc,mean,xeegnet_scc_model_v200.pt,/home/mgrabner/eeglass2/all-in-on-eeg/backend/ml/pretrained_models/cn_disease/xeegnet_scc_model_v200.pt,cn_disease,,test,window,3604,0.6978357380688124,0.6419219064105428,0.6458330456957919,0.6923756436487631,0.6525856133221515,0.6892364352008362,0.6419219064105428,0.6978357380688124,xeegnet_scc_mean
200,xeegnet_scc,mean,xeegnet_scc_model_v200.pt,/home/mgrabner/eeglass2/all-in-on-eeg/backend/ml/pretrained_models/cn_disease/xeegnet_scc_model_v200.pt,cn_disease,,test,subject_majority,18,0.7777777777777778,0.75,0.75,0.7777777777777778,0.75,0.7777777777777778,0.75,0.7777777777777778,xeegnet_scc_mean
200,xeegnet_scc,mean,xeegnet_scc_model_v200.pt,/home/mgrabner/eeglass2/all-in-on-eeg/backend/ml/pretrained_models/cn_disease/xeegnet_scc_model_v200.pt,cn_disease,,train,window,10981,0.8813404972224752,0.8617099790414406,0.8644127787136908,0.8808824017473662,0.8673396882753184,0.8806026879680453,0.8617099790414406,0.8813404972224752,xeegnet_scc_mean
200,xeegnet_scc,mean,xeegnet_scc_model_v200.pt,/home/mgrabner/eeglass2/all-in-on-eeg/backend/ml/pretrained_models/cn_disease/xeegnet_scc_model_v200.pt,cn_disease,,train,subject_majority,55,0.9636363636363636,0.9736842105263157,0.9587087087087087,0.9641550641550641,0.9473684210526316,0.9674641148325359,0.9736842105263157,0.9636363636363636,xeegnet_scc_mean
200,xeegnet_scc,mean,xeegnet_scc_model_v200.pt,/home/mgrabner/eeglass2/all-in-on-eeg/backend/ml/pretrained_models/cn_disease/xeegnet_scc_model_v200.pt,cn_disease,,val,window,3274,0.7501527183872938,0.7095882647001697,0.717572057758413,0.7415387667462049,0.7409396218818061,0.7462997306595364,0.7095882647001697,0.7501527183872938,xeegnet_scc_mean
200,xeegnet_scc,mean,xeegnet_scc_model_v200.pt,/home/mgrabner/eeglass2/all-in-on-eeg/backend/ml/pretrained_models/cn_disease/xeegnet_scc_model_v200.pt,cn_disease,,val,subject_majority,2,1.0,1.0,1.0,1.0,1.0,1.0,1.0,1.0,xeegnet_scc_mean
200,xeegnet_scc,node,xeegnet_scc_model_reducermode_node_v200.pt,/home/mgrabner/eeglass2/all-in-on-eeg/backend/ml/pretrained_models/cn_disease/xeegnet_scc_model_reducermode_node_v200.pt,cn_disease,,test,window,3604,0.7783018867924528,0.7132706053160599,0.7267829463211618,0.7674713874857085,0.7599903420488896,0.7719402202447947,0.7132706053160599,0.7783018867924528,xeegnet_scc_node
200,xeegnet_scc,node,xeegnet_scc_model_reducermode_node_v200.pt,/home/mgrabner/eeglass2/all-in-on-eeg/backend/ml/pretrained_models/cn_disease/xeegnet_scc_model_reducermode_node_v200.pt,cn_disease,,test,subject_majority,18,0.8888888888888888,0.8333333333333333,0.8615384615384616,0.882051282051282,0.9285714285714286,0.9047619047619047,0.8333333333333333,0.8888888888888888,xeegnet_scc_node
200,xeegnet_scc,node,xeegnet_scc_model_reducermode_node_v200.pt,/home/mgrabner/eeglass2/all-in-on-eeg/backend/ml/pretrained_models/cn_disease/xeegnet_scc_model_reducermode_node_v200.pt,cn_disease,,train,window,10981,0.8890811401511702,0.8615059947859781,0.8707751578656417,0.8874954780030407,0.8828135083327624,0.8880818917917893,0.8615059947859781,0.8890811401511702,xeegnet_scc_node
200,xeegnet_scc,node,xeegnet_scc_model_reducermode_node_v200.pt,/home/mgrabner/eeglass2/all-in-on-eeg/backend/ml/pretrained_models/cn_disease/xeegnet_scc_model_reducermode_node_v200.pt,cn_disease,,train,subject_majority,55,0.9818181818181818,0.9705882352941176,0.9783549783549783,0.9816607634789453,0.9871794871794872,0.9822843822843822,0.9705882352941176,0.9818181818181818,xeegnet_scc_node
200,xeegnet_scc,node,xeegnet_scc_model_reducermode_node_v200.pt,/home/mgrabner/eeglass2/all-in-on-eeg/backend/ml/pretrained_models/cn_disease/xeegnet_scc_model_reducermode_node_v200.pt,cn_disease,,val,window,3274,0.7712278558338423,0.7402873167951449,0.747113810469369,0.7666244821885968,0.7605195987684288,0.7677948099640337,0.7402873167951449,0.7712278558338423,xeegnet_scc_node
200,xeegnet_scc,node,xeegnet_scc_model_reducermode_node_v200.pt,/home/mgrabner/eeglass2/all-in-on-eeg/backend/ml/pretrained_models/cn_disease/xeegnet_scc_model_reducermode_node_v200.pt,cn_disease,,val,subject_majority,2,1.0,1.0,1.0,1.0,1.0,1.0,1.0,1.0,xeegnet_scc_node
200,xeegnet_scc,edge,xeegnet_scc_model_reducermode_edge_v200.pt,/home/mgrabner/eeglass2/all-in-on-eeg/backend/ml/pretrained_models/cn_disease/xeegnet_scc_model_reducermode_edge_v200.pt,cn_disease,,test,window,3604,0.6867369589345172,0.6543632733973643,0.6512940053296814,0.6894206290508103,0.6491594449426236,0.6928937267636974,0.6543632733973643,0.6867369589345172,xeegnet_scc_edge
200,xeegnet_scc,edge,xeegnet_scc_model_reducermode_edge_v200.pt,/home/mgrabner/eeglass2/all-in-on-eeg/backend/ml/pretrained_models/cn_disease/xeegnet_scc_model_reducermode_edge_v200.pt,cn_disease,,test,subject_majority,18,0.7777777777777778,0.75,0.75,0.7777777777777778,0.75,0.7777777777777778,0.75,0.7777777777777778,xeegnet_scc_edge
200,xeegnet_scc,edge,xeegnet_scc_model_reducermode_edge_v200.pt,/home/mgrabner/eeglass2/all-in-on-eeg/backend/ml/pretrained_models/cn_disease/xeegnet_scc_model_reducermode_edge_v200.pt,cn_disease,,train,window,10981,0.932155541389673,0.9290628528814765,0.9239550888706336,0.9325398665354627,0.9194470260530647,0.9334053168286528,0.9290628528814765,0.932155541389673,xeegnet_scc_edge
200,xeegnet_scc,edge,xeegnet_scc_model_reducermode_edge_v200.pt,/home/mgrabner/eeglass2/all-in-on-eeg/backend/ml/pretrained_models/cn_disease/xeegnet_scc_model_reducermode_edge_v200.pt,cn_disease,,train,subject_majority,55,1.0,1.0,1.0,1.0,1.0,1.0,1.0,1.0,xeegnet_scc_edge
200,xeegnet_scc,edge,xeegnet_scc_model_reducermode_edge_v200.pt,/home/mgrabner/eeglass2/all-in-on-eeg/backend/ml/pretrained_models/cn_disease/xeegnet_scc_model_reducermode_edge_v200.pt,cn_disease,,val,window,3274,0.7776420281001832,0.7625119005543509,0.7626825678017944,0.7775692326729405,0.7628558903236091,0.7774988209546474,0.7625119005543509,0.7776420281001832,xeegnet_scc_edge
200,xeegnet_scc,edge,xeegnet_scc_model_reducermode_edge_v200.pt,/home/mgrabner/eeglass2/all-in-on-eeg/backend/ml/pretrained_models/cn_disease/xeegnet_scc_model_reducermode_edge_v200.pt,cn_disease,,val,subject_majority,2,1.0,1.0,1.0,1.0,1.0,1.0,1.0,1.0,xeegnet_scc_edge
201,xeegnet,None,xeegnet_model_v201.pt,/home/mgrabner/eeglass2/all-in-on-eeg/backend/ml/pretrained_models/cn_disease/xeegnet_model_v201.pt,cn_disease,,test,window,3622,0.6935394809497515,0.6609807400239238,0.6613934914162953,0.6931362158480773,0.6618303149202026,0.6927537671012318,0.6609807400239238,0.6935394809497515,xeegnet
201,xeegnet,None,xeegnet_model_v201.pt,/home/mgrabner/eeglass2/all-in-on-eeg/backend/ml/pretrained_models/cn_disease/xeegnet_model_v201.pt,cn_disease,,test,subject_majority,18,0.7222222222222222,0.6666666666666667,0.6727272727272727,0.7151515151515153,0.6846153846153846,0.7128205128205128,0.6666666666666667,0.7222222222222222,xeegnet
201,xeegnet,None,xeegnet_model_v201.pt,/home/mgrabner/eeglass2/all-in-on-eeg/backend/ml/pretrained_models/cn_disease/xeegnet_model_v201.pt,cn_disease,,train,window,10193,0.8061414696360247,0.7491956751512084,0.7659249478515275,0.794966511866794,0.8153404353783258,0.8101420570712763,0.7491956751512084,0.8061414696360247,xeegnet
201,xeegnet,None,xeegnet_model_v201.pt,/home/mgrabner/eeglass2/all-in-on-eeg/backend/ml/pretrained_models/cn_disease/xeegnet_model_v201.pt,cn_disease,,train,subject_majority,52,0.8269230769230769,0.7504201680672269,0.7748917748917749,0.8123543123543122,0.8547619047619048,0.8391025641025641,0.7504201680672269,0.8269230769230769,xeegnet
201,xeegnet,None,xeegnet_model_v201.pt,/home/mgrabner/eeglass2/all-in-on-eeg/backend/ml/pretrained_models/cn_disease/xeegnet_model_v201.pt,cn_disease,,val,window,3604,0.7505549389567148,0.6794526189412553,0.6905520949028232,0.7372839885705044,0.7227590422672137,0.740486456254945,0.6794526189412553,0.7505549389567148,xeegnet
201,xeegnet,None,xeegnet_model_v201.pt,/home/mgrabner/eeglass2/all-in-on-eeg/backend/ml/pretrained_models/cn_disease/xeegnet_model_v201.pt,cn_disease,,val,subject_majority,18,0.8888888888888888,0.8333333333333333,0.8615384615384616,0.882051282051282,0.9285714285714286,0.9047619047619047,0.8333333333333333,0.8888888888888888,xeegnet
201,xeegnet_scc,mean,xeegnet_scc_model_v201.pt,/home/mgrabner/eeglass2/all-in-on-eeg/backend/ml/pretrained_models/cn_disease/xeegnet_scc_model_v201.pt,cn_disease,,test,window,3622,0.7266703478741027,0.7126728760937059,0.7063863655345554,0.7298663534948298,0.7029356315647723,0.7355486706830792,0.7126728760937059,0.7266703478741027,xeegnet_scc_mean
201,xeegnet_scc,mean,xeegnet_scc_model_v201.pt,/home/mgrabner/eeglass2/all-in-on-eeg/backend/ml/pretrained_models/cn_disease/xeegnet_scc_model_v201.pt,cn_disease,,test,subject_majority,18,0.7222222222222222,0.7083333333333333,0.6989966555183946,0.7268673355629878,0.6948051948051948,0.735930735930736,0.7083333333333333,0.7222222222222222,xeegnet_scc_mean
201,xeegnet_scc,mean,xeegnet_scc_model_v201.pt,/home/mgrabner/eeglass2/all-in-on-eeg/backend/ml/pretrained_models/cn_disease/xeegnet_scc_model_v201.pt,cn_disease,,train,window,10193,0.7828902187775925,0.7311072466116653,0.7435095301889825,0.773592274526451,0.7748895920791999,0.7798338724228896,0.7311072466116653,0.7828902187775925,xeegnet_scc_mean
201,xeegnet_scc,mean,xeegnet_scc_model_v201.pt,/home/mgrabner/eeglass2/all-in-on-eeg/backend/ml/pretrained_models/cn_disease/xeegnet_scc_model_v201.pt,cn_disease,,train,subject_majority,52,0.8461538461538461,0.7949579831932774,0.8126126126126125,0.84005544005544,0.8461538461538461,0.8461538461538461,0.7949579831932774,0.8461538461538461,xeegnet_scc_mean
201,xeegnet_scc,mean,xeegnet_scc_model_v201.pt,/home/mgrabner/eeglass2/all-in-on-eeg/backend/ml/pretrained_models/cn_disease/xeegnet_scc_model_v201.pt,cn_disease,,val,window,3604,0.6703662597114317,0.6014085883404066,0.6047965476907808,0.6600037439152525,0.6150883430295195,0.6552786400994274,0.6014085883404066,0.6703662597114317,xeegnet_scc_mean
201,xeegnet_scc,mean,xeegnet_scc_model_v201.pt,/home/mgrabner/eeglass2/all-in-on-eeg/backend/ml/pretrained_models/cn_disease/xeegnet_scc_model_v201.pt,cn_disease,,val,subject_majority,2,0.5,0.5,0.3333333333333333,0.3333333333333333,0.25,0.25,0.5,0.5,xeegnet_scc_mean
201,xeegnet_scc,node,xeegnet_scc_model_reducermode_node_v201.pt,/home/mgrabner/eeglass2/all-in-on-eeg/backend/ml/pretrained_models/cn_disease/xeegnet_scc_model_reducermode_node_v201.pt,cn_disease,,test,window,3622,0.7316399779127554,0.7344418235823824,0.7187292377516517,0.7370638197845593,0.7160750253321673,0.7541918647628518,0.7344418235823824,0.7316399779127554,xeegnet_scc_node
201,xeegnet_scc,node,xeegnet_scc_model_reducermode_node_v201.pt,/home/mgrabner/eeglass2/all-in-on-eeg/backend/ml/pretrained_models/cn_disease/xeegnet_scc_model_reducermode_node_v201.pt,cn_disease,,test,subject_majority,18,0.7777777777777778,0.7916666666666667,0.7662337662337663,0.7835497835497836,0.7625,0.8083333333333333,0.7916666666666667,0.7777777777777778,xeegnet_scc_node
201,xeegnet_scc,node,xeegnet_scc_model_reducermode_node_v201.pt,/home/mgrabner/eeglass2/all-in-on-eeg/backend/ml/pretrained_models/cn_disease/xeegnet_scc_model_reducermode_node_v201.pt,cn_disease,,train,window,10193,0.897086235651918,0.8749915740417391,0.884013604279945,0.8956689515376566,0.8962661992349492,0.8969258172439583,0.8749915740417391,0.897086235651918,xeegnet_scc_node
201,xeegnet_scc,node,xeegnet_scc_model_reducermode_node_v201.pt,/home/mgrabner/eeglass2/all-in-on-eeg/backend/ml/pretrained_models/cn_disease/xeegnet_scc_model_reducermode_node_v201.pt,cn_disease,,train,subject_majority,52,0.9423076923076923,0.9420168067226891,0.9354037267080746,0.9427138079311993,0.9297385620915033,0.9438788335847159,0.9420168067226891,0.9423076923076923,xeegnet_scc_node
201,xeegnet_scc,node,xeegnet_scc_model_reducermode_node_v201.pt,/home/mgrabner/eeglass2/all-in-on-eeg/backend/ml/pretrained_models/cn_disease/xeegnet_scc_model_reducermode_node_v201.pt,cn_disease,,val,window,3604,0.7455604883462819,0.700968840741568,0.7050960457109571,0.7425597543980443,0.7106870731747474,0.740745330602932,0.700968840741568,0.7455604883462819,xeegnet_scc_node
201,xeegnet_scc,node,xeegnet_scc_model_reducermode_node_v201.pt,/home/mgrabner/eeglass2/all-in-on-eeg/backend/ml/pretrained_models/cn_disease/xeegnet_scc_model_reducermode_node_v201.pt,cn_disease,,val,subject_majority,2,1.0,1.0,1.0,1.0,1.0,1.0,1.0,1.0,xeegnet_scc_node
201,xeegnet_scc,edge,xeegnet_scc_model_reducermode_edge_v201.pt,/home/mgrabner/eeglass2/all-in-on-eeg/backend/ml/pretrained_models/cn_disease/xeegnet_scc_model_reducermode_edge_v201.pt,cn_disease,,test,window,3622,0.737161789066814,0.7207169065763477,0.715939916222251,0.739562647408825,0.7127891156462585,0.7433798743130604,0.7207169065763477,0.737161789066814,xeegnet_scc_edge
201,xeegnet_scc,edge,xeegnet_scc_model_reducermode_edge_v201.pt,/home/mgrabner/eeglass2/all-in-on-eeg/backend/ml/pretrained_models/cn_disease/xeegnet_scc_model_reducermode_edge_v201.pt,cn_disease,,test,subject_majority,18,0.8333333333333334,0.8333333333333334,0.8193979933110368,0.8361204013377928,0.8116883116883117,0.8441558441558441,0.8333333333333334,0.8333333333333334,xeegnet_scc_edge
201,xeegnet_scc,edge,xeegnet_scc_model_reducermode_edge_v201.pt,/home/mgrabner/eeglass2/all-in-on-eeg/backend/ml/pretrained_models/cn_disease/xeegnet_scc_model_reducermode_edge_v201.pt,cn_disease,,train,window,10193,0.9421171392131855,0.9249378635795704,0.9348369697127303,0.9413564288104377,0.9479118108144371,0.943213553292402,0.9249378635795704,0.9421171392131855,xeegnet_scc_edge
201,xeegnet_scc,edge,xeegnet_scc_model_reducermode_edge_v201.pt,/home/mgrabner/eeglass2/all-in-on-eeg/backend/ml/pretrained_models/cn_disease/xeegnet_scc_model_reducermode_edge_v201.pt,cn_disease,,train,subject_majority,52,1.0,1.0,1.0,1.0,1.0,1.0,1.0,1.0,xeegnet_scc_edge
201,xeegnet_scc,edge,xeegnet_scc_model_reducermode_edge_v201.pt,/home/mgrabner/eeglass2/all-in-on-eeg/backend/ml/pretrained_models/cn_disease/xeegnet_scc_model_reducermode_edge_v201.pt,cn_disease,,val,window,3604,0.7089345172031076,0.6389707114138932,0.6454535982709115,0.6969043627300554,0.6642321993108014,0.6946908900025822,0.6389707114138932,0.7089345172031076,xeegnet_scc_edge
201,xeegnet_scc,edge,xeegnet_scc_model_reducermode_edge_v201.pt,/home/mgrabner/eeglass2/all-in-on-eeg/backend/ml/pretrained_models/cn_disease/xeegnet_scc_model_reducermode_edge_v201.pt,cn_disease,,val,subject_majority,2,0.5,0.5,0.3333333333333333,0.3333333333333333,0.25,0.25,0.5,0.5,xeegnet_scc_edge
202,xeegnet,None,xeegnet_model_v202.pt,/home/mgrabner/eeglass2/all-in-on-eeg/backend/ml/pretrained_models/cn_disease/xeegnet_model_v202.pt,cn_disease,,test,window,3416,0.5705503512880562,0.5269316295066414,0.5269567620791514,0.5663044954441803,0.5280192465557202,0.5630008933302953,0.5269316295066414,0.5705503512880562,xeegnet
202,xeegnet,None,xeegnet_model_v202.pt,/home/mgrabner/eeglass2/all-in-on-eeg/backend/ml/pretrained_models/cn_disease/xeegnet_model_v202.pt,cn_disease,,test,subject_majority,18,0.6111111111111112,0.5833333333333333,0.5785953177257526,0.6176142697881828,0.577922077922078,0.6277056277056277,0.5833333333333333,0.6111111111111112,xeegnet
202,xeegnet,None,xeegnet_model_v202.pt,/home/mgrabner/eeglass2/all-in-on-eeg/backend/ml/pretrained_models/cn_disease/xeegnet_model_v202.pt,cn_disease,,train,window,10381,0.8373952413062326,0.7875173147912964,0.8047825790908306,0.8305391266005671,0.8409926879802945,0.8386450650387597,0.7875173147912964,0.8373952413062326,xeegnet
202,xeegnet,None,xeegnet_model_v202.pt,/home/mgrabner/eeglass2/all-in-on-eeg/backend/ml/pretrained_models/cn_disease/xeegnet_model_v202.pt,cn_disease,,train,subject_majority,52,0.9230769230769231,0.8823529411764706,0.9063063063063064,0.92002772002772,0.9487179487179487,0.9309664694280079,0.8823529411764706,0.9230769230769231,xeegnet
202,xeegnet,None,xeegnet_model_v202.pt,/home/mgrabner/eeglass2/all-in-on-eeg/backend/ml/pretrained_models/cn_disease/xeegnet_model_v202.pt,cn_disease,,val,window,3622,0.7625621203754832,0.7305646277703857,0.7340468403782421,0.76054248840266,0.738549958004461,0.7593857083453007,0.7305646277703857,0.7625621203754832,xeegnet
202,xeegnet,None,xeegnet_model_v202.pt,/home/mgrabner/eeglass2/all-in-on-eeg/backend/ml/pretrained_models/cn_disease/xeegnet_model_v202.pt,cn_disease,,val,subject_majority,18,0.8888888888888888,0.875,0.875,0.8888888888888888,0.875,0.8888888888888888,0.875,0.8888888888888888,xeegnet
202,xeegnet_scc,mean,xeegnet_scc_model_v202.pt,/home/mgrabner/eeglass2/all-in-on-eeg/backend/ml/pretrained_models/cn_disease/xeegnet_scc_model_v202.pt,cn_disease,,test,window,3416,0.5734777517564403,0.5339124762808349,0.5341094506443739,0.5712179399101284,0.5346391009520983,0.569260983954826,0.5339124762808349,0.5734777517564403,xeegnet_scc_mean
202,xeegnet_scc,mean,xeegnet_scc_model_v202.pt,/home/mgrabner/eeglass2/all-in-on-eeg/backend/ml/pretrained_models/cn_disease/xeegnet_scc_model_v202.pt,cn_disease,,test,subject_majority,18,0.5555555555555556,0.5,0.5,0.5555555555555556,0.5,0.5555555555555556,0.5,0.5555555555555556,xeegnet_scc_mean
202,xeegnet_scc,mean,xeegnet_scc_model_v202.pt,/home/mgrabner/eeglass2/all-in-on-eeg/backend/ml/pretrained_models/cn_disease/xeegnet_scc_model_v202.pt,cn_disease,,train,window,10381,0.8626336576437723,0.8208983678206545,0.8373486713563076,0.8580498658467288,0.8670931352083312,0.8640023990513845,0.8208983678206545,0.8626336576437723,xeegnet_scc_mean
202,xeegnet_scc,mean,xeegnet_scc_model_v202.pt,/home/mgrabner/eeglass2/all-in-on-eeg/backend/ml/pretrained_models/cn_disease/xeegnet_scc_model_v202.pt,cn_disease,,train,subject_majority,52,0.8846153846153846,0.853781512605042,0.8645833333333333,0.8826121794871794,0.8792792792792793,0.8836451836451837,0.853781512605042,0.8846153846153846,xeegnet_scc_mean
202,xeegnet_scc,mean,xeegnet_scc_model_v202.pt,/home/mgrabner/eeglass2/all-in-on-eeg/backend/ml/pretrained_models/cn_disease/xeegnet_scc_model_v202.pt,cn_disease,,val,window,3622,0.8039757040309221,0.7845342257704662,0.7842178520160152,0.8040838674543614,0.7839069083808743,0.804196644900464,0.7845342257704662,0.8039757040309221,xeegnet_scc_mean
202,xeegnet_scc,mean,xeegnet_scc_model_v202.pt,/home/mgrabner/eeglass2/all-in-on-eeg/backend/ml/pretrained_models/cn_disease/xeegnet_scc_model_v202.pt,cn_disease,,val,subject_majority,2,1.0,1.0,1.0,1.0,1.0,1.0,1.0,1.0,xeegnet_scc_mean
202,xeegnet_scc,node,xeegnet_scc_model_reducermode_node_v202.pt,/home/mgrabner/eeglass2/all-in-on-eeg/backend/ml/pretrained_models/cn_disease/xeegnet_scc_model_reducermode_node_v202.pt,cn_disease,,test,window,3416,0.5111241217798594,0.46190109108159394,0.4605435113579841,0.5058049371274634,0.46020408953305614,0.5014334582034783,0.46190109108159394,0.5111241217798594,xeegnet_scc_node
202,xeegnet_scc,node,xeegnet_scc_model_reducermode_node_v202.pt,/home/mgrabner/eeglass2/all-in-on-eeg/backend/ml/pretrained_models/cn_disease/xeegnet_scc_model_reducermode_node_v202.pt,cn_disease,,test,subject_majority,18,0.5,0.41666666666666663,0.4109090909090909,0.4872727272727272,0.4076923076923077,0.476923076923077,0.41666666666666663,0.5,xeegnet_scc_node
202,xeegnet_scc,node,xeegnet_scc_model_reducermode_node_v202.pt,/home/mgrabner/eeglass2/all-in-on-eeg/backend/ml/pretrained_models/cn_disease/xeegnet_scc_model_reducermode_node_v202.pt,cn_disease,,train,window,10381,0.8696657354782776,0.8334346082019591,0.8474963630869374,0.8662658342550479,0.8702971918530736,0.8698336627595488,0.8334346082019591,0.8696657354782776,xeegnet_scc_node
202,xeegnet_scc,node,xeegnet_scc_model_reducermode_node_v202.pt,/home/mgrabner/eeglass2/all-in-on-eeg/backend/ml/pretrained_models/cn_disease/xeegnet_scc_model_reducermode_node_v202.pt,cn_disease,,train,subject_majority,52,0.8846153846153846,0.838655462184874,0.8594594594594596,0.8800415800415801,0.8974358974358975,0.888560157790927,0.838655462184874,0.8846153846153846,xeegnet_scc_node
202,xeegnet_scc,node,xeegnet_scc_model_reducermode_node_v202.pt,/home/mgrabner/eeglass2/all-in-on-eeg/backend/ml/pretrained_models/cn_disease/xeegnet_scc_model_reducermode_node_v202.pt,cn_disease,,val,window,3622,0.7926559911651021,0.7599330672150317,0.7657763841714991,0.7899176448943602,0.7740566363592886,0.7892167613563348,0.7599330672150317,0.7926559911651021,xeegnet_scc_node
202,xeegnet_scc,node,xeegnet_scc_model_reducermode_node_v202.pt,/home/mgrabner/eeglass2/all-in-on-eeg/backend/ml/pretrained_models/cn_disease/xeegnet_scc_model_reducermode_node_v202.pt,cn_disease,,val,subject_majority,2,1.0,1.0,1.0,1.0,1.0,1.0,1.0,1.0,xeegnet_scc_node
202,xeegnet_scc,edge,xeegnet_scc_model_reducermode_edge_v202.pt,/home/mgrabner/eeglass2/all-in-on-eeg/backend/ml/pretrained_models/cn_disease/xeegnet_scc_model_reducermode_edge_v202.pt,cn_disease,,test,window,3416,0.5971896955503513,0.5289358989563567,0.5231557397837551,0.5746384905991593,0.5363756650732863,0.5687913441886239,0.5289358989563567,0.5971896955503513,xeegnet_scc_edge
202,xeegnet_scc,edge,xeegnet_scc_model_reducermode_edge_v202.pt,/home/mgrabner/eeglass2/all-in-on-eeg/backend/ml/pretrained_models/cn_disease/xeegnet_scc_model_reducermode_edge_v202.pt,cn_disease,,test,subject_majority,18,0.6111111111111112,0.5,0.48148148148148145,0.5679012345679013,0.5,0.5555555555555556,0.5,0.6111111111111112,xeegnet_scc_edge
202,xeegnet_scc,edge,xeegnet_scc_model_reducermode_edge_v202.pt,/home/mgrabner/eeglass2/all-in-on-eeg/backend/ml/pretrained_models/cn_disease/xeegnet_scc_model_reducermode_edge_v202.pt,cn_disease,,train,window,10381,0.8687024371447838,0.8140310823034236,0.8385537744820587,0.8610745432254363,0.8979976767609931,0.8805331067638542,0.8140310823034236,0.8687024371447838,xeegnet_scc_edge
202,xeegnet_scc,edge,xeegnet_scc_model_reducermode_edge_v202.pt,/home/mgrabner/eeglass2/all-in-on-eeg/backend/ml/pretrained_models/cn_disease/xeegnet_scc_model_reducermode_edge_v202.pt,cn_disease,,train,subject_majority,52,0.9038461538461539,0.8529411764705883,0.8804597701149426,0.898762157382847,0.9375,0.9158653846153846,0.8529411764705883,0.9038461538461539,xeegnet_scc_edge
202,xeegnet_scc,edge,xeegnet_scc_model_reducermode_edge_v202.pt,/home/mgrabner/eeglass2/all-in-on-eeg/backend/ml/pretrained_models/cn_disease/xeegnet_scc_model_reducermode_edge_v202.pt,cn_disease,,val,window,3622,0.7586968525676422,0.7077910164912705,0.7173013339658336,0.7502146539508214,0.7394625199806699,0.7521548759751868,0.7077910164912705,0.7586968525676422,xeegnet_scc_edge
202,xeegnet_scc,edge,xeegnet_scc_model_reducermode_edge_v202.pt,/home/mgrabner/eeglass2/all-in-on-eeg/backend/ml/pretrained_models/cn_disease/xeegnet_scc_model_reducermode_edge_v202.pt,cn_disease,,val,subject_majority,2,1.0,1.0,1.0,1.0,1.0,1.0,1.0,1.0,xeegnet_scc_edge
203,xeegnet,None,xeegnet_model_v203.pt,/home/mgrabner/eeglass2/all-in-on-eeg/backend/ml/pretrained_models/cn_disease/xeegnet_model_v203.pt,cn_disease,,test,window,3611,0.535031847133758,0.43758597649648234,0.40343149916288695,0.48218996212894477,0.39856319879088264,0.45683651728815583,0.43758597649648234,0.535031847133758,xeegnet
203,xeegnet,None,xeegnet_model_v203.pt,/home/mgrabner/eeglass2/all-in-on-eeg/backend/ml/pretrained_models/cn_disease/xeegnet_model_v203.pt,cn_disease,,test,subject_majority,18,0.6111111111111112,0.4583333333333333,0.3793103448275862,0.5057471264367815,0.3235294117647059,0.43137254901960786,0.4583333333333333,0.6111111111111112,xeegnet
203,xeegnet,None,xeegnet_model_v203.pt,/home/mgrabner/eeglass2/all-in-on-eeg/backend/ml/pretrained_models/cn_disease/xeegnet_model_v203.pt,cn_disease,,train,window,10392,0.6116243264049269,0.4835316305414509,0.4456725968341648,0.5460141455967887,0.46483926805428877,0.528444893288659,0.4835316305414509,0.6116243264049269,xeegnet
203,xeegnet,None,xeegnet_model_v203.pt,/home/mgrabner/eeglass2/all-in-on-eeg/backend/ml/pretrained_models/cn_disease/xeegnet_model_v203.pt,cn_disease,,train,subject_majority,52,0.6153846153846154,0.45714285714285713,0.38095238095238093,0.5128205128205128,0.32653061224489793,0.4395604395604395,0.45714285714285713,0.6153846153846154,xeegnet
203,xeegnet,None,xeegnet_model_v203.pt,/home/mgrabner/eeglass2/all-in-on-eeg/backend/ml/pretrained_models/cn_disease/xeegnet_model_v203.pt,cn_disease,,val,window,3416,0.6056791569086651,0.5149593809297913,0.4925326616439956,0.5581898963419067,0.5251295106145474,0.5580528594928418,0.5149593809297913,0.6056791569086651,xeegnet
203,xeegnet,None,xeegnet_model_v203.pt,/home/mgrabner/eeglass2/all-in-on-eeg/backend/ml/pretrained_models/cn_disease/xeegnet_model_v203.pt,cn_disease,,val,subject_majority,18,0.6666666666666666,0.5,0.4,0.5333333333333334,0.3333333333333333,0.4444444444444444,0.5,0.6666666666666666,xeegnet
203,xeegnet_scc,mean,xeegnet_scc_model_v203.pt,/home/mgrabner/eeglass2/all-in-on-eeg/backend/ml/pretrained_models/cn_disease/xeegnet_scc_model_v203.pt,cn_disease,,test,window,3611,0.6280808640265855,0.6158680053852513,0.6097801565313627,0.6335336323723487,0.6092383999899512,0.6440746495294479,0.6158680053852513,0.6280808640265855,xeegnet_scc_mean
203,xeegnet_scc,mean,xeegnet_scc_model_v203.pt,/home/mgrabner/eeglass2/all-in-on-eeg/backend/ml/pretrained_models/cn_disease/xeegnet_scc_model_v203.pt,cn_disease,,test,subject_majority,18,0.6666666666666666,0.6666666666666666,0.6493506493506493,0.6753246753246753,0.65,0.7000000000000001,0.6666666666666666,0.6666666666666666,xeegnet_scc_mean
203,xeegnet_scc,mean,xeegnet_scc_model_v203.pt,/home/mgrabner/eeglass2/all-in-on-eeg/backend/ml/pretrained_models/cn_disease/xeegnet_scc_model_v203.pt,cn_disease,,train,window,10392,0.555715935334873,0.5406143376648656,0.5321355299362681,0.5668845371203244,0.5366813265408081,0.5899720309658855,0.5406143376648656,0.555715935334873,xeegnet_scc_mean
203,xeegnet_scc,mean,xeegnet_scc_model_v203.pt,/home/mgrabner/eeglass2/all-in-on-eeg/backend/ml/pretrained_models/cn_disease/xeegnet_scc_model_v203.pt,cn_disease,,train,subject_majority,52,0.5961538461538461,0.5941176470588235,0.5772357723577235,0.6081926203877424,0.5833333333333334,0.6410256410256411,0.5941176470588235,0.5961538461538461,xeegnet_scc_mean
203,xeegnet_scc,mean,xeegnet_scc_model_v203.pt,/home/mgrabner/eeglass2/all-in-on-eeg/backend/ml/pretrained_models/cn_disease/xeegnet_scc_model_v203.pt,cn_disease,,val,window,3416,0.5099531615925058,0.48699893263757116,0.48568708778132863,0.5162976606752125,0.4876573963439435,0.5257392143597363,0.48699893263757116,0.5099531615925058,xeegnet_scc_mean
203,xeegnet_scc,mean,xeegnet_scc_model_v203.pt,/home/mgrabner/eeglass2/all-in-on-eeg/backend/ml/pretrained_models/cn_disease/xeegnet_scc_model_v203.pt,cn_disease,,val,subject_majority,2,0.5,0.5,0.3333333333333333,0.3333333333333333,0.25,0.25,0.5,0.5,xeegnet_scc_mean
203,xeegnet_scc,node,xeegnet_scc_model_reducermode_node_v203.pt,/home/mgrabner/eeglass2/all-in-on-eeg/backend/ml/pretrained_models/cn_disease/xeegnet_scc_model_reducermode_node_v203.pt,cn_disease,,test,window,3611,0.8363334256438659,0.811897082011835,0.8182858766018546,0.8343827678827347,0.8271496698459281,0.8345418285571945,0.811897082011835,0.8363334256438659,xeegnet_scc_node
203,xeegnet_scc,node,xeegnet_scc_model_reducermode_node_v203.pt,/home/mgrabner/eeglass2/all-in-on-eeg/backend/ml/pretrained_models/cn_disease/xeegnet_scc_model_reducermode_node_v203.pt,cn_disease,,test,subject_majority,18,0.8888888888888888,0.875,0.875,0.8888888888888888,0.875,0.8888888888888888,0.875,0.8888888888888888,xeegnet_scc_node
203,xeegnet_scc,node,xeegnet_scc_model_reducermode_node_v203.pt,/home/mgrabner/eeglass2/all-in-on-eeg/backend/ml/pretrained_models/cn_disease/xeegnet_scc_model_reducermode_node_v203.pt,cn_disease,,train,window,10392,0.8445919938414165,0.8038648147697576,0.8168741938910382,0.8404442646873281,0.8382789812125881,0.8429485460615365,0.8038648147697576,0.8445919938414165,xeegnet_scc_node
203,xeegnet_scc,node,xeegnet_scc_model_reducermode_node_v203.pt,/home/mgrabner/eeglass2/all-in-on-eeg/backend/ml/pretrained_models/cn_disease/xeegnet_scc_model_reducermode_node_v203.pt,cn_disease,,train,subject_majority,52,0.8653846153846154,0.8243697478991596,0.8391515687140962,0.8616370372888269,0.862781954887218,0.8647339502602661,0.8243697478991596,0.8653846153846154,xeegnet_scc_node
203,xeegnet_scc,node,xeegnet_scc_model_reducermode_node_v203.pt,/home/mgrabner/eeglass2/all-in-on-eeg/backend/ml/pretrained_models/cn_disease/xeegnet_scc_model_reducermode_node_v203.pt,cn_disease,,val,window,3416,0.5187353629976581,0.49285163662239084,0.4919756838905775,0.5239234640490308,0.49315399118622505,0.5310403266537904,0.49285163662239084,0.5187353629976581,xeegnet_scc_node
203,xeegnet_scc,node,xeegnet_scc_model_reducermode_node_v203.pt,/home/mgrabner/eeglass2/all-in-on-eeg/backend/ml/pretrained_models/cn_disease/xeegnet_scc_model_reducermode_node_v203.pt,cn_disease,,val,subject_majority,2,0.5,0.5,0.3333333333333333,0.3333333333333333,0.25,0.25,0.5,0.5,xeegnet_scc_node
203,xeegnet_scc,edge,xeegnet_scc_model_reducermode_edge_v203.pt,/home/mgrabner/eeglass2/all-in-on-eeg/backend/ml/pretrained_models/cn_disease/xeegnet_scc_model_reducermode_edge_v203.pt,cn_disease,,test,window,3611,0.765438936582664,0.7224119117708776,0.7313679430680623,0.7582591237969277,0.7516201491614941,0.7606285430166563,0.7224119117708776,0.765438936582664,xeegnet_scc_edge
203,xeegnet_scc,edge,xeegnet_scc_model_reducermode_edge_v203.pt,/home/mgrabner/eeglass2/all-in-on-eeg/backend/ml/pretrained_models/cn_disease/xeegnet_scc_model_reducermode_edge_v203.pt,cn_disease,,test,subject_majority,18,0.7777777777777778,0.7083333333333333,0.7230769230769231,0.764102564102564,0.7678571428571428,0.7738095238095238,0.7083333333333333,0.7777777777777778,xeegnet_scc_edge
203,xeegnet_scc,edge,xeegnet_scc_model_reducermode_edge_v203.pt,/home/mgrabner/eeglass2/all-in-on-eeg/backend/ml/pretrained_models/cn_disease/xeegnet_scc_model_reducermode_edge_v203.pt,cn_disease,,train,window,10392,0.8363163972286374,0.7788431196764358,0.7988905458274018,0.8275923252424026,0.8463220708807194,0.8400992948286466,0.7788431196764358,0.8363163972286374,xeegnet_scc_edge
203,xeegnet_scc,edge,xeegnet_scc_model_reducermode_edge_v203.pt,/home/mgrabner/eeglass2/all-in-on-eeg/backend/ml/pretrained_models/cn_disease/xeegnet_scc_model_reducermode_edge_v203.pt,cn_disease,,train,subject_majority,52,0.9038461538461539,0.8529411764705883,0.8804597701149426,0.898762157382847,0.9375,0.9158653846153846,0.8529411764705883,0.9038461538461539,xeegnet_scc_edge
203,xeegnet_scc,edge,xeegnet_scc_model_reducermode_edge_v203.pt,/home/mgrabner/eeglass2/all-in-on-eeg/backend/ml/pretrained_models/cn_disease/xeegnet_scc_model_reducermode_edge_v203.pt,cn_disease,,val,window,3416,0.5398126463700235,0.4934386859582543,0.4928005367861741,0.5351114354116384,0.4931646898937484,0.5313311997379734,0.4934386859582543,0.5398126463700235,xeegnet_scc_edge
203,xeegnet_scc,edge,xeegnet_scc_model_reducermode_edge_v203.pt,/home/mgrabner/eeglass2/all-in-on-eeg/backend/ml/pretrained_models/cn_disease/xeegnet_scc_model_reducermode_edge_v203.pt,cn_disease,,val,subject_majority,2,0.5,0.5,0.3333333333333333,0.3333333333333333,0.25,0.25,0.5,0.5,xeegnet_scc_edge
204,xeegnet,None,xeegnet_model_v204.pt,/home/mgrabner/eeglass2/all-in-on-eeg/backend/ml/pretrained_models/cn_disease/xeegnet_model_v204.pt,cn_disease,,test,window,3274,0.7000610873549176,0.6367899070562725,0.6386173736952284,0.6758477127868031,0.6915428292448035,0.6952452389866065,0.6367899070562725,0.7000610873549176,xeegnet
204,xeegnet,None,xeegnet_model_v204.pt,/home/mgrabner/eeglass2/all-in-on-eeg/backend/ml/pretrained_models/cn_disease/xeegnet_model_v204.pt,cn_disease,,test,subject_majority,18,0.7777777777777778,0.7083333333333333,0.7230769230769231,0.764102564102564,0.7678571428571428,0.7738095238095238,0.7083333333333333,0.7777777777777778,xeegnet
204,xeegnet,None,xeegnet_model_v204.pt,/home/mgrabner/eeglass2/all-in-on-eeg/backend/ml/pretrained_models/cn_disease/xeegnet_model_v204.pt,cn_disease,,train,window,10899,0.8133773740710157,0.749840447073103,0.7669410051154765,0.8043669049458299,0.8038083235305322,0.8102673090993455,0.749840447073103,0.8133773740710157,xeegnet
204,xeegnet,None,xeegnet_model_v204.pt,/home/mgrabner/eeglass2/all-in-on-eeg/backend/ml/pretrained_models/cn_disease/xeegnet_model_v204.pt,cn_disease,,train,subject_majority,54,0.8703703703703703,0.8100158982511925,0.8350065473592317,0.8632976057681426,0.8869047619047619,0.8758818342151675,0.8100158982511925,0.8703703703703703,xeegnet
204,xeegnet,None,xeegnet_model_v204.pt,/home/mgrabner/eeglass2/all-in-on-eeg/backend/ml/pretrained_models/cn_disease/xeegnet_model_v204.pt,cn_disease,,val,window,3611,0.7942398227637774,0.7484433466099363,0.7609230867661889,0.786009501482474,0.792119496042516,0.7933997647052645,0.7484433466099363,0.7942398227637774,xeegnet
204,xeegnet,None,xeegnet_model_v204.pt,/home/mgrabner/eeglass2/all-in-on-eeg/backend/ml/pretrained_models/cn_disease/xeegnet_model_v204.pt,cn_disease,,val,subject_majority,18,0.8333333333333334,0.7916666666666666,0.8036363636363637,0.8290909090909091,0.823076923076923,0.8307692307692308,0.7916666666666666,0.8333333333333334,xeegnet
204,xeegnet_scc,mean,xeegnet_scc_model_v204.pt,/home/mgrabner/eeglass2/all-in-on-eeg/backend/ml/pretrained_models/cn_disease/xeegnet_scc_model_v204.pt,cn_disease,,test,window,3274,0.7058643860720831,0.647456226656605,0.651311190348296,0.6857702745969894,0.6955284353323591,0.7002997715090489,0.647456226656605,0.7058643860720831,xeegnet_scc_mean
204,xeegnet_scc,mean,xeegnet_scc_model_v204.pt,/home/mgrabner/eeglass2/all-in-on-eeg/backend/ml/pretrained_models/cn_disease/xeegnet_scc_model_v204.pt,cn_disease,,test,subject_majority,18,0.7222222222222222,0.625,0.6296296296296295,0.691358024691358,0.7,0.711111111111111,0.625,0.7222222222222222,xeegnet_scc_mean
204,xeegnet_scc,mean,xeegnet_scc_model_v204.pt,/home/mgrabner/eeglass2/all-in-on-eeg/backend/ml/pretrained_models/cn_disease/xeegnet_scc_model_v204.pt,cn_disease,,train,window,10899,0.8392513074593999,0.7955613536122202,0.8072141057495061,0.8354873148209654,0.8246882500240926,0.8361891056542718,0.7955613536122202,0.8392513074593999,xeegnet_scc_mean
204,xeegnet_scc,mean,xeegnet_scc_model_v204.pt,/home/mgrabner/eeglass2/all-in-on-eeg/backend/ml/pretrained_models/cn_disease/xeegnet_scc_model_v204.pt,cn_disease,,train,subject_majority,54,0.9074074074074074,0.8688394276629571,0.886887306242145,0.904730872472808,0.9142857142857144,0.908994708994709,0.8688394276629571,0.9074074074074074,xeegnet_scc_mean
204,xeegnet_scc,mean,xeegnet_scc_model_v204.pt,/home/mgrabner/eeglass2/all-in-on-eeg/backend/ml/pretrained_models/cn_disease/xeegnet_scc_model_v204.pt,cn_disease,,val,window,3611,0.7925782331764054,0.7539078711669888,0.7637184136496558,0.786929758197715,0.7833242893672692,0.7895487777478346,0.7539078711669888,0.7925782331764054,xeegnet_scc_mean
204,xeegnet_scc,mean,xeegnet_scc_model_v204.pt,/home/mgrabner/eeglass2/all-in-on-eeg/backend/ml/pretrained_models/cn_disease/xeegnet_scc_model_v204.pt,cn_disease,,val,subject_majority,2,1.0,1.0,1.0,1.0,1.0,1.0,1.0,1.0,xeegnet_scc_mean
204,xeegnet_scc,node,xeegnet_scc_model_reducermode_node_v204.pt,/home/mgrabner/eeglass2/all-in-on-eeg/backend/ml/pretrained_models/cn_disease/xeegnet_scc_model_reducermode_node_v204.pt,cn_disease,,test,window,3274,0.7318265119120342,0.706808947943234,0.7095875630415105,0.729666437408054,0.7135866258899357,0.7285969143869946,0.706808947943234,0.7318265119120342,xeegnet_scc_node
204,xeegnet_scc,node,xeegnet_scc_model_reducermode_node_v204.pt,/home/mgrabner/eeglass2/all-in-on-eeg/backend/ml/pretrained_models/cn_disease/xeegnet_scc_model_reducermode_node_v204.pt,cn_disease,,test,subject_majority,18,0.7222222222222222,0.6666666666666667,0.6727272727272727,0.7151515151515153,0.6846153846153846,0.7128205128205128,0.6666666666666667,0.7222222222222222,xeegnet_scc_node
204,xeegnet_scc,node,xeegnet_scc_model_reducermode_node_v204.pt,/home/mgrabner/eeglass2/all-in-on-eeg/backend/ml/pretrained_models/cn_disease/xeegnet_scc_model_reducermode_node_v204.pt,cn_disease,,train,window,10899,0.9007248371410221,0.8804302243140094,0.8846652138289413,0.9001483175925679,0.8893730283818009,0.8999380514401694,0.8804302243140094,0.9007248371410221,xeegnet_scc_node
204,xeegnet_scc,node,xeegnet_scc_model_reducermode_node_v204.pt,/home/mgrabner/eeglass2/all-in-on-eeg/backend/ml/pretrained_models/cn_disease/xeegnet_scc_model_reducermode_node_v204.pt,cn_disease,,train,subject_majority,54,0.9814814814814815,0.9864864864864865,0.9788649706457926,0.9816191925780967,0.9722222222222222,0.9825102880658436,0.9864864864864865,0.9814814814814815,xeegnet_scc_node
204,xeegnet_scc,node,xeegnet_scc_model_reducermode_node_v204.pt,/home/mgrabner/eeglass2/all-in-on-eeg/backend/ml/pretrained_models/cn_disease/xeegnet_scc_model_reducermode_node_v204.pt,cn_disease,,val,window,3611,0.7568540570479092,0.7317693188563069,0.7336890017518548,0.7557664957664042,0.7359543360786484,0.7549796426112041,0.7317693188563069,0.7568540570479092,xeegnet_scc_node
204,xeegnet_scc,node,xeegnet_scc_model_reducermode_node_v204.pt,/home/mgrabner/eeglass2/all-in-on-eeg/backend/ml/pretrained_models/cn_disease/xeegnet_scc_model_reducermode_node_v204.pt,cn_disease,,val,subject_majority,2,1.0,1.0,1.0,1.0,1.0,1.0,1.0,1.0,xeegnet_scc_node
204,xeegnet_scc,edge,xeegnet_scc_model_reducermode_edge_v204.pt,/home/mgrabner/eeglass2/all-in-on-eeg/backend/ml/pretrained_models/cn_disease/xeegnet_scc_model_reducermode_edge_v204.pt,cn_disease,,test,window,3274,0.7244960293219304,0.6678981153342822,0.6740502235508268,0.70608801013527,0.721192284943643,0.7227295220889439,0.6678981153342822,0.7244960293219304,xeegnet_scc_edge
204,xeegnet_scc,edge,xeegnet_scc_model_reducermode_edge_v204.pt,/home/mgrabner/eeglass2/all-in-on-eeg/backend/ml/pretrained_models/cn_disease/xeegnet_scc_model_reducermode_edge_v204.pt,cn_disease,,test,subject_majority,18,0.7222222222222222,0.625,0.6296296296296295,0.691358024691358,0.7,0.711111111111111,0.625,0.7222222222222222,xeegnet_scc_edge
204,xeegnet_scc,edge,xeegnet_scc_model_reducermode_edge_v204.pt,/home/mgrabner/eeglass2/all-in-on-eeg/backend/ml/pretrained_models/cn_disease/xeegnet_scc_model_reducermode_edge_v204.pt,cn_disease,,train,window,10899,0.919258647582347,0.8827616116818271,0.9020621845371655,0.9168262159801602,0.9320671366212104,0.9224331282725852,0.8827616116818271,0.919258647582347,xeegnet_scc_edge
204,xeegnet_scc,edge,xeegnet_scc_model_reducermode_edge_v204.pt,/home/mgrabner/eeglass2/all-in-on-eeg/backend/ml/pretrained_models/cn_disease/xeegnet_scc_model_reducermode_edge_v204.pt,cn_disease,,train,subject_majority,54,0.9444444444444444,0.9117647058823529,0.932132383745287,0.9428385234836847,0.9625,0.9486111111111112,0.9117647058823529,0.9444444444444444,xeegnet_scc_edge
204,xeegnet_scc,edge,xeegnet_scc_model_reducermode_edge_v204.pt,/home/mgrabner/eeglass2/all-in-on-eeg/backend/ml/pretrained_models/cn_disease/xeegnet_scc_model_reducermode_edge_v204.pt,cn_disease,,val,window,3611,0.7917474383827194,0.7436241662153421,0.7565514382395426,0.7825703312805655,0.7913190931757171,0.7915702603537111,0.7436241662153421,0.7917474383827194,xeegnet_scc_edge
204,xeegnet_scc,edge,xeegnet_scc_model_reducermode_edge_v204.pt,/home/mgrabner/eeglass2/all-in-on-eeg/backend/ml/pretrained_models/cn_disease/xeegnet_scc_model_reducermode_edge_v204.pt,cn_disease,,val,subject_majority,2,1.0,1.0,1.0,1.0,1.0,1.0,1.0,1.0,xeegnet_scc_edge
200,xeegnet,None,xeegnet_model_v200.pt,/home/mgrabner/eeglass2/all-in-on-eeg/backend/ml/pretrained_models/cn_ftd/xeegnet_model_v200.pt,cn_ftd,,test,window,2244,0.5882352941176471,0.5786747832738399,0.5701734019688487,0.5750422598524377,0.5897244838615876,0.589492499529617,0.5786747832738399,0.5882352941176471,xeegnet
200,xeegnet,None,xeegnet_model_v200.pt,/home/mgrabner/eeglass2/all-in-on-eeg/backend/ml/pretrained_models/cn_ftd/xeegnet_model_v200.pt,cn_ftd,,test,subject_majority,12,0.5833333333333334,0.5833333333333333,0.5804195804195804,0.5804195804195804,0.5857142857142856,0.5857142857142857,0.5833333333333333,0.5833333333333334,xeegnet
200,xeegnet,None,xeegnet_model_v200.pt,/home/mgrabner/eeglass2/all-in-on-eeg/backend/ml/pretrained_models/cn_ftd/xeegnet_model_v200.pt,cn_ftd,,train,window,6139,0.8696856165499267,0.8577440176474038,0.8631968265407516,0.8683752401082833,0.8724590136662512,0.8706175608205023,0.8577440176474038,0.8696856165499267,xeegnet
200,xeegnet,None,xeegnet_model_v200.pt,/home/mgrabner/eeglass2/all-in-on-eeg/backend/ml/pretrained_models/cn_ftd/xeegnet_model_v200.pt,cn_ftd,,train,subject_majority,31,0.9032258064516129,0.8928571428571428,0.8994594594594595,0.9013426329555362,0.925,0.917741935483871,0.8928571428571428,0.9032258064516129,xeegnet
200,xeegnet,None,xeegnet_model_v200.pt,/home/mgrabner/eeglass2/all-in-on-eeg/backend/ml/pretrained_models/cn_ftd/xeegnet_model_v200.pt,cn_ftd,,val,window,2209,0.80986871887732,0.8052060816756152,0.8065109489051094,0.8093610148265391,0.8084848606888034,0.8095051979203367,0.8052060816756152,0.80986871887732,xeegnet
200,xeegnet,None,xeegnet_model_v200.pt,/home/mgrabner/eeglass2/all-in-on-eeg/backend/ml/pretrained_models/cn_ftd/xeegnet_model_v200.pt,cn_ftd,,val,subject_majority,12,0.8333333333333334,0.8333333333333334,0.8333333333333334,0.8333333333333334,0.8333333333333334,0.8333333333333334,0.8333333333333334,0.8333333333333334,xeegnet
200,xeegnet_scc,mean,xeegnet_scc_model_v200.pt,/home/mgrabner/eeglass2/all-in-on-eeg/backend/ml/pretrained_models/cn_ftd/xeegnet_scc_model_v200.pt,cn_ftd,,test,window,2244,0.6256684491978609,0.6152839750127486,0.6062773053005182,0.6111056222548766,0.6353739001560645,0.6339937672216411,0.6152839750127486,0.6256684491978609,xeegnet_scc_mean
200,xeegnet_scc,mean,xeegnet_scc_model_v200.pt,/home/mgrabner/eeglass2/all-in-on-eeg/backend/ml/pretrained_models/cn_ftd/xeegnet_scc_model_v200.pt,cn_ftd,,test,subject_majority,12,0.75,0.75,0.7333333333333334,0.7333333333333334,0.8333333333333333,0.8333333333333334,0.75,0.75,xeegnet_scc_mean
200,xeegnet_scc,mean,xeegnet_scc_model_v200.pt,/home/mgrabner/eeglass2/all-in-on-eeg/backend/ml/pretrained_models/cn_ftd/xeegnet_scc_model_v200.pt,cn_ftd,,train,window,6139,0.8887440951294999,0.8797024758547687,0.8838674637804653,0.8880036844874765,0.8899570413614584,0.8890638642534531,0.8797024758547687,0.8887440951294999,xeegnet_scc_mean
200,xeegnet_scc,mean,xeegnet_scc_model_v200.pt,/home/mgrabner/eeglass2/all-in-on-eeg/backend/ml/pretrained_models/cn_ftd/xeegnet_scc_model_v200.pt,cn_ftd,,train,subject_majority,31,0.9354838709677419,0.9285714285714286,0.9337606837606838,0.9347945960849187,0.9473684210526316,0.9422750424448217,0.9285714285714286,0.9354838709677419,xeegnet_scc_mean
200,xeegnet_scc,mean,xeegnet_scc_model_v200.pt,/home/mgrabner/eeglass2/all-in-on-eeg/backend/ml/pretrained_models/cn_ftd/xeegnet_scc_model_v200.pt,cn_ftd,,val,window,2209,0.8469895880488909,0.841771757861917,0.843895412046097,0.846352844434168,0.8475135132397675,0.8471684211807102,0.841771757861917,0.8469895880488909,xeegnet_scc_mean
200,xeegnet_scc,mean,xeegnet_scc_model_v200.pt,/home/mgrabner/eeglass2/all-in-on-eeg/backend/ml/pretrained_models/cn_ftd/xeegnet_scc_model_v200.pt,cn_ftd,,val,subject_majority,2,1.0,1.0,1.0,1.0,1.0,1.0,1.0,1.0,xeegnet_scc_mean
200,xeegnet_scc,node,xeegnet_scc_model_reducermode_node_v200.pt,/home/mgrabner/eeglass2/all-in-on-eeg/backend/ml/pretrained_models/cn_ftd/xeegnet_scc_model_reducermode_node_v200.pt,cn_ftd,,test,window,2244,0.6060606060606061,0.5971475012748597,0.590605600316999,0.5950010606660983,0.6089572192513368,0.6084770320379003,0.5971475012748597,0.6060606060606061,xeegnet_scc_node
200,xeegnet_scc,node,xeegnet_scc_model_reducermode_node_v200.pt,/home/mgrabner/eeglass2/all-in-on-eeg/backend/ml/pretrained_models/cn_ftd/xeegnet_scc_model_reducermode_node_v200.pt,cn_ftd,,test,subject_majority,12,0.75,0.75,0.7482517482517483,0.7482517482517483,0.7571428571428571,0.7571428571428571,0.75,0.75,xeegnet_scc_node
200,xeegnet_scc,node,xeegnet_scc_model_reducermode_node_v200.pt,/home/mgrabner/eeglass2/all-in-on-eeg/backend/ml/pretrained_models/cn_ftd/xeegnet_scc_model_reducermode_node_v200.pt,cn_ftd,,train,window,6139,0.9073138947711353,0.8989091087780863,0.9032646968127891,0.9067045807471485,0.9095491663655371,0.9078986232574218,0.8989091087780863,0.9073138947711353,xeegnet_scc_node
200,xeegnet_scc,node,xeegnet_scc_model_reducermode_node_v200.pt,/home/mgrabner/eeglass2/all-in-on-eeg/backend/ml/pretrained_models/cn_ftd/xeegnet_scc_model_reducermode_node_v200.pt,cn_ftd,,train,subject_majority,31,0.967741935483871,0.9642857142857143,0.9671957671957672,0.9676053934118449,0.9722222222222222,0.9695340501792115,0.9642857142857143,0.967741935483871,xeegnet_scc_node
200,xeegnet_scc,node,xeegnet_scc_model_reducermode_node_v200.pt,/home/mgrabner/eeglass2/all-in-on-eeg/backend/ml/pretrained_models/cn_ftd/xeegnet_scc_model_reducermode_node_v200.pt,cn_ftd,,val,window,2209,0.7949298325033952,0.7943325463945253,0.7930953844550626,0.7952737915124577,0.7923638252609706,0.7961141435383604,0.7943325463945253,0.7949298325033952,xeegnet_scc_node
200,xeegnet_scc,node,xeegnet_scc_model_reducermode_node_v200.pt,/home/mgrabner/eeglass2/all-in-on-eeg/backend/ml/pretrained_models/cn_ftd/xeegnet_scc_model_reducermode_node_v200.pt,cn_ftd,,val,subject_majority,2,1.0,1.0,1.0,1.0,1.0,1.0,1.0,1.0,xeegnet_scc_node
200,xeegnet_scc,edge,xeegnet_scc_model_reducermode_edge_v200.pt,/home/mgrabner/eeglass2/all-in-on-eeg/backend/ml/pretrained_models/cn_ftd/xeegnet_scc_model_reducermode_edge_v200.pt,cn_ftd,,test,window,2244,0.6265597147950089,0.617659994900561,0.6117688738259989,0.6159562351962209,0.632140441052771,0.6312202149145231,0.617659994900561,0.6265597147950089,xeegnet_scc_edge
200,xeegnet_scc,edge,xeegnet_scc_model_reducermode_edge_v200.pt,/home/mgrabner/eeglass2/all-in-on-eeg/backend/ml/pretrained_models/cn_ftd/xeegnet_scc_model_reducermode_edge_v200.pt,cn_ftd,,test,subject_majority,12,0.75,0.75,0.7482517482517483,0.7482517482517483,0.7571428571428571,0.7571428571428571,0.75,0.75,xeegnet_scc_edge
200,xeegnet_scc,edge,xeegnet_scc_model_reducermode_edge_v200.pt,/home/mgrabner/eeglass2/all-in-on-eeg/backend/ml/pretrained_models/cn_ftd/xeegnet_scc_model_reducermode_edge_v200.pt,cn_ftd,,train,window,6139,0.9863169897377423,0.9846646262184247,0.9858553974168236,0.9862995083333431,0.9871479204411575,0.9863776310749159,0.9846646262184247,0.9863169897377423,xeegnet_scc_edge
200,xeegnet_scc,edge,xeegnet_scc_model_reducermode_edge_v200.pt,/home/mgrabner/eeglass2/all-in-on-eeg/backend/ml/pretrained_models/cn_ftd/xeegnet_scc_model_reducermode_edge_v200.pt,cn_ftd,,train,subject_majority,31,1.0,1.0,1.0,1.0,1.0,1.0,1.0,1.0,xeegnet_scc_edge
200,xeegnet_scc,edge,xeegnet_scc_model_reducermode_edge_v200.pt,/home/mgrabner/eeglass2/all-in-on-eeg/backend/ml/pretrained_models/cn_ftd/xeegnet_scc_model_reducermode_edge_v200.pt,cn_ftd,,val,window,2209,0.8112267994567678,0.8082729017455432,0.8086161213201342,0.8111154914741981,0.809000857026368,0.8110447521204526,0.8082729017455432,0.8112267994567678,xeegnet_scc_edge
200,xeegnet_scc,edge,xeegnet_scc_model_reducermode_edge_v200.pt,/home/mgrabner/eeglass2/all-in-on-eeg/backend/ml/pretrained_models/cn_ftd/xeegnet_scc_model_reducermode_edge_v200.pt,cn_ftd,,val,subject_majority,2,1.0,1.0,1.0,1.0,1.0,1.0,1.0,1.0,xeegnet_scc_edge
201,xeegnet,None,xeegnet_model_v201.pt,/home/mgrabner/eeglass2/all-in-on-eeg/backend/ml/pretrained_models/cn_ftd/xeegnet_model_v201.pt,cn_ftd,,test,window,2355,0.6076433121019108,0.5858556207871277,0.5521472039094556,0.5631928707993894,0.6428469786938464,0.6389564194254812,0.5858556207871277,0.6076433121019108,xeegnet
201,xeegnet,None,xeegnet_model_v201.pt,/home/mgrabner/eeglass2/all-in-on-eeg/backend/ml/pretrained_models/cn_ftd/xeegnet_model_v201.pt,cn_ftd,,test,subject_majority,12,0.6666666666666666,0.6666666666666666,0.625,0.625,0.8,0.7999999999999999,0.6666666666666666,0.6666666666666666,xeegnet
201,xeegnet,None,xeegnet_model_v201.pt,/home/mgrabner/eeglass2/all-in-on-eeg/backend/ml/pretrained_models/cn_ftd/xeegnet_model_v201.pt,cn_ftd,,train,window,5553,0.7185305240410589,0.642408249433928,0.6471211655808785,0.6925452931202006,0.7096770569830915,0.7138062495733792,0.642408249433928,0.7185305240410589,xeegnet
201,xeegnet,None,xeegnet_model_v201.pt,/home/mgrabner/eeglass2/all-in-on-eeg/backend/ml/pretrained_models/cn_ftd/xeegnet_model_v201.pt,cn_ftd,,train,subject_majority,28,0.7142857142857143,0.6363636363636364,0.6190476190476191,0.6598639455782314,0.8400000000000001,0.8057142857142858,0.6363636363636364,0.7142857142857143,xeegnet
201,xeegnet,None,xeegnet_model_v201.pt,/home/mgrabner/eeglass2/all-in-on-eeg/backend/ml/pretrained_models/cn_ftd/xeegnet_model_v201.pt,cn_ftd,,val,window,2244,0.5213903743315508,0.5003123406425294,0.42519340242300396,0.4381873289117401,0.5007450375179607,0.5022403773338984,0.5003123406425294,0.5213903743315508,xeegnet
201,xeegnet,None,xeegnet_model_v201.pt,/home/mgrabner/eeglass2/all-in-on-eeg/backend/ml/pretrained_models/cn_ftd/xeegnet_model_v201.pt,cn_ftd,,val,subject_majority,12,0.5,0.5,0.3333333333333333,0.3333333333333333,0.25,0.25,0.5,0.5,xeegnet
201,xeegnet_scc,mean,xeegnet_scc_model_v201.pt,/home/mgrabner/eeglass2/all-in-on-eeg/backend/ml/pretrained_models/cn_ftd/xeegnet_scc_model_v201.pt,cn_ftd,,test,window,2355,0.643312101910828,0.6261850402261362,0.6109722272479127,0.6188309596770453,0.6689128878212156,0.6653721253105584,0.6261850402261362,0.643312101910828,xeegnet_scc_mean
201,xeegnet_scc,mean,xeegnet_scc_model_v201.pt,/home/mgrabner/eeglass2/all-in-on-eeg/backend/ml/pretrained_models/cn_ftd/xeegnet_scc_model_v201.pt,cn_ftd,,test,subject_majority,12,0.75,0.75,0.7333333333333334,0.7333333333333334,0.8333333333333333,0.8333333333333334,0.75,0.75,xeegnet_scc_mean
201,xeegnet_scc,mean,xeegnet_scc_model_v201.pt,/home/mgrabner/eeglass2/all-in-on-eeg/backend/ml/pretrained_models/cn_ftd/xeegnet_scc_model_v201.pt,cn_ftd,,train,window,5553,0.8132540968845668,0.7780210920971464,0.7878973719096427,0.8088827031519106,0.8054477335544585,0.8109583116670939,0.7780210920971464,0.8132540968845668,xeegnet_scc_mean
201,xeegnet_scc,mean,xeegnet_scc_model_v201.pt,/home/mgrabner/eeglass2/all-in-on-eeg/backend/ml/pretrained_models/cn_ftd/xeegnet_scc_model_v201.pt,cn_ftd,,train,subject_majority,28,0.8928571428571429,0.8636363636363636,0.8805120910384068,0.8887421255842308,0.925,0.9089285714285714,0.8636363636363636,0.8928571428571429,xeegnet_scc_mean
201,xeegnet_scc,mean,xeegnet_scc_model_v201.pt,/home/mgrabner/eeglass2/all-in-on-eeg/backend/ml/pretrained_models/cn_ftd/xeegnet_scc_model_v201.pt,cn_ftd,,val,window,2244,0.5739750445632799,0.5620490183579806,0.54632345166243,0.5525126168604542,0.5765858263999528,0.5762568254367948,0.5620490183579806,0.5739750445632799,xeegnet_scc_mean
201,xeegnet_scc,mean,xeegnet_scc_model_v201.pt,/home/mgrabner/eeglass2/all-in-on-eeg/backend/ml/pretrained_models/cn_ftd/xeegnet_scc_model_v201.pt,cn_ftd,,val,subject_majority,2,0.5,0.5,0.3333333333333333,0.3333333333333333,0.25,0.25,0.5,0.5,xeegnet_scc_mean
201,xeegnet_scc,node,xeegnet_scc_model_reducermode_node_v201.pt,/home/mgrabner/eeglass2/all-in-on-eeg/backend/ml/pretrained_models/cn_ftd/xeegnet_scc_model_reducermode_node_v201.pt,cn_ftd,,test,window,2355,0.6747346072186836,0.6621276364427049,0.6571737094483856,0.6626100098838438,0.6889961269259757,0.6863844168796902,0.6621276364427049,0.6747346072186836,xeegnet_scc_node
201,xeegnet_scc,node,xeegnet_scc_model_reducermode_node_v201.pt,/home/mgrabner/eeglass2/all-in-on-eeg/backend/ml/pretrained_models/cn_ftd/xeegnet_scc_model_reducermode_node_v201.pt,cn_ftd,,test,subject_majority,12,0.75,0.75,0.7333333333333334,0.7333333333333334,0.8333333333333333,0.8333333333333334,0.75,0.75,xeegnet_scc_node
201,xeegnet_scc,node,xeegnet_scc_model_reducermode_node_v201.pt,/home/mgrabner/eeglass2/all-in-on-eeg/backend/ml/pretrained_models/cn_ftd/xeegnet_scc_model_reducermode_node_v201.pt,cn_ftd,,train,window,5553,0.8400864397622907,0.846366881886573,0.83193420058841,0.8425261123196417,0.8257644837309677,0.8523194290445876,0.846366881886573,0.8400864397622907,xeegnet_scc_node
201,xeegnet_scc,node,xeegnet_scc_model_reducermode_node_v201.pt,/home/mgrabner/eeglass2/all-in-on-eeg/backend/ml/pretrained_models/cn_ftd/xeegnet_scc_model_reducermode_node_v201.pt,cn_ftd,,train,subject_majority,28,0.9642857142857143,0.9705882352941176,0.9631093544137023,0.9645209862601166,0.9583333333333333,0.9672619047619048,0.9705882352941176,0.9642857142857143,xeegnet_scc_node
201,xeegnet_scc,node,xeegnet_scc_model_reducermode_node_v201.pt,/home/mgrabner/eeglass2/all-in-on-eeg/backend/ml/pretrained_models/cn_ftd/xeegnet_scc_model_reducermode_node_v201.pt,cn_ftd,,val,window,2244,0.6270053475935828,0.6193667134115247,0.6155715162020621,0.6192350694127818,0.6299014358439865,0.6293489513162173,0.6193667134115247,0.6270053475935828,xeegnet_scc_node
201,xeegnet_scc,node,xeegnet_scc_model_reducermode_node_v201.pt,/home/mgrabner/eeglass2/all-in-on-eeg/backend/ml/pretrained_models/cn_ftd/xeegnet_scc_model_reducermode_node_v201.pt,cn_ftd,,val,subject_majority,2,0.5,0.5,0.3333333333333333,0.3333333333333333,0.25,0.25,0.5,0.5,xeegnet_scc_node
201,xeegnet_scc,edge,xeegnet_scc_model_reducermode_edge_v201.pt,/home/mgrabner/eeglass2/all-in-on-eeg/backend/ml/pretrained_models/cn_ftd/xeegnet_scc_model_reducermode_edge_v201.pt,cn_ftd,,test,window,2355,0.6573248407643312,0.6411937377690802,0.6292547522775993,0.6364022285126468,0.6826212412675914,0.6789307849607498,0.6411937377690802,0.6573248407643312,xeegnet_scc_edge
201,xeegnet_scc,edge,xeegnet_scc_model_reducermode_edge_v201.pt,/home/mgrabner/eeglass2/all-in-on-eeg/backend/ml/pretrained_models/cn_ftd/xeegnet_scc_model_reducermode_edge_v201.pt,cn_ftd,,test,subject_majority,12,0.75,0.75,0.7333333333333334,0.7333333333333334,0.8333333333333333,0.8333333333333334,0.75,0.75,xeegnet_scc_edge
201,xeegnet_scc,edge,xeegnet_scc_model_reducermode_edge_v201.pt,/home/mgrabner/eeglass2/all-in-on-eeg/backend/ml/pretrained_models/cn_ftd/xeegnet_scc_model_reducermode_edge_v201.pt,cn_ftd,,train,window,5553,0.9848730415991356,0.9863302768885243,0.9836144560029744,0.9849139313196087,0.9810996926204304,0.9851264565741998,0.9863302768885243,0.9848730415991356,xeegnet_scc_edge
201,xeegnet_scc,edge,xeegnet_scc_model_reducermode_edge_v201.pt,/home/mgrabner/eeglass2/all-in-on-eeg/backend/ml/pretrained_models/cn_ftd/xeegnet_scc_model_reducermode_edge_v201.pt,cn_ftd,,train,subject_majority,28,1.0,1.0,1.0,1.0,1.0,1.0,1.0,1.0,xeegnet_scc_edge
201,xeegnet_scc,edge,xeegnet_scc_model_reducermode_edge_v201.pt,/home/mgrabner/eeglass2/all-in-on-eeg/backend/ml/pretrained_models/cn_ftd/xeegnet_scc_model_reducermode_edge_v201.pt,cn_ftd,,val,window,2244,0.606951871657754,0.6055010198878124,0.6055453027156518,0.6068469038262538,0.605613783201723,0.6067660260388608,0.6055010198878124,0.606951871657754,xeegnet_scc_edge
201,xeegnet_scc,edge,xeegnet_scc_model_reducermode_edge_v201.pt,/home/mgrabner/eeglass2/all-in-on-eeg/backend/ml/pretrained_models/cn_ftd/xeegnet_scc_model_reducermode_edge_v201.pt,cn_ftd,,val,subject_majority,2,1.0,1.0,1.0,1.0,1.0,1.0,1.0,1.0,xeegnet_scc_edge
202,xeegnet,None,xeegnet_model_v202.pt,/home/mgrabner/eeglass2/all-in-on-eeg/backend/ml/pretrained_models/cn_ftd/xeegnet_model_v202.pt,cn_ftd,,test,window,2273,0.5006599208095028,0.4842425756487525,0.47418886526229154,0.48493299957263025,0.4820808068253447,0.48681128234160637,0.4842425756487525,0.5006599208095028,xeegnet
202,xeegnet,None,xeegnet_model_v202.pt,/home/mgrabner/eeglass2/all-in-on-eeg/backend/ml/pretrained_models/cn_ftd/xeegnet_model_v202.pt,cn_ftd,,test,subject_majority,12,0.4166666666666667,0.41666666666666663,0.37777777777777777,0.37777777777777777,0.38888888888888884,0.38888888888888884,0.41666666666666663,0.4166666666666667,xeegnet
202,xeegnet,None,xeegnet_model_v202.pt,/home/mgrabner/eeglass2/all-in-on-eeg/backend/ml/pretrained_models/cn_ftd/xeegnet_model_v202.pt,cn_ftd,,train,window,5524,0.8189717595944968,0.8172321282535844,0.8089362758899301,0.8208742209602914,0.8041456932512838,0.8259079309831342,0.8172321282535844,0.8189717595944968,xeegnet
202,xeegnet,None,xeegnet_model_v202.pt,/home/mgrabner/eeglass2/all-in-on-eeg/backend/ml/pretrained_models/cn_ftd/xeegnet_model_v202.pt,cn_ftd,,train,subject_majority,28,0.8214285714285714,0.8048128342245989,0.8095238095238095,0.8197278911564625,0.8166666666666667,0.8202380952380953,0.8048128342245989,0.8214285714285714,xeegnet
202,xeegnet,None,xeegnet_model_v202.pt,/home/mgrabner/eeglass2/all-in-on-eeg/backend/ml/pretrained_models/cn_ftd/xeegnet_model_v202.pt,cn_ftd,,val,window,2355,0.7091295116772823,0.6989345509893454,0.6976956337030741,0.7018148255496776,0.7203682679971032,0.7178990339188469,0.6989345509893454,0.7091295116772823,xeegnet
202,xeegnet,None,xeegnet_model_v202.pt,/home/mgrabner/eeglass2/all-in-on-eeg/backend/ml/pretrained_models/cn_ftd/xeegnet_model_v202.pt,cn_ftd,,val,subject_majority,12,0.75,0.75,0.7482517482517483,0.7482517482517483,0.7571428571428571,0.7571428571428571,0.75,0.75,xeegnet
202,xeegnet_scc,mean,xeegnet_scc_model_v202.pt,/home/mgrabner/eeglass2/all-in-on-eeg/backend/ml/pretrained_models/cn_ftd/xeegnet_scc_model_v202.pt,cn_ftd,,test,window,2273,0.48790145182578093,0.4847500234206664,0.4847057778691858,0.4884013337854718,0.4848094611534669,0.48904815035326155,0.4847500234206664,0.48790145182578093,xeegnet_scc_mean
202,xeegnet_scc,mean,xeegnet_scc_model_v202.pt,/home/mgrabner/eeglass2/all-in-on-eeg/backend/ml/pretrained_models/cn_ftd/xeegnet_scc_model_v202.pt,cn_ftd,,test,subject_majority,12,0.6666666666666666,0.6666666666666667,0.6571428571428571,0.6571428571428571,0.6875,0.6875,0.6666666666666667,0.6666666666666666,xeegnet_scc_mean
202,xeegnet_scc,mean,xeegnet_scc_model_v202.pt,/home/mgrabner/eeglass2/all-in-on-eeg/backend/ml/pretrained_models/cn_ftd/xeegnet_scc_model_v202.pt,cn_ftd,,train,window,5524,0.7089065894279507,0.7044074070664939,0.6956710742197885,0.7129737529554588,0.6932474081400715,0.7227996976382496,0.7044074070664939,0.7089065894279507,xeegnet_scc_mean
202,xeegnet_scc,mean,xeegnet_scc_model_v202.pt,/home/mgrabner/eeglass2/all-in-on-eeg/backend/ml/pretrained_models/cn_ftd/xeegnet_scc_model_v202.pt,cn_ftd,,train,subject_majority,28,0.8571428571428571,0.8502673796791445,0.8502673796791445,0.8571428571428571,0.8502673796791445,0.8571428571428571,0.8502673796791445,0.8571428571428571,xeegnet_scc_mean
202,xeegnet_scc,mean,xeegnet_scc_model_v202.pt,/home/mgrabner/eeglass2/all-in-on-eeg/backend/ml/pretrained_models/cn_ftd/xeegnet_scc_model_v202.pt,cn_ftd,,val,window,2355,0.6968152866242038,0.6891606871058926,0.6890993686838804,0.6925309763931886,0.7002533619177549,0.6992702034715921,0.6891606871058926,0.6968152866242038,xeegnet_scc_mean
202,xeegnet_scc,mean,xeegnet_scc_model_v202.pt,/home/mgrabner/eeglass2/all-in-on-eeg/backend/ml/pretrained_models/cn_ftd/xeegnet_scc_model_v202.pt,cn_ftd,,val,subject_majority,2,1.0,1.0,1.0,1.0,1.0,1.0,1.0,1.0,xeegnet_scc_mean
202,xeegnet_scc,node,xeegnet_scc_model_reducermode_node_v202.pt,/home/mgrabner/eeglass2/all-in-on-eeg/backend/ml/pretrained_models/cn_ftd/xeegnet_scc_model_reducermode_node_v202.pt,cn_ftd,,test,window,2273,0.4571051473823141,0.4575746338569153,0.45638029009775877,0.4581880666989993,0.4579127982081951,0.46199044993886246,0.4575746338569153,0.4571051473823141,xeegnet_scc_node
202,xeegnet_scc,node,xeegnet_scc_model_reducermode_node_v202.pt,/home/mgrabner/eeglass2/all-in-on-eeg/backend/ml/pretrained_models/cn_ftd/xeegnet_scc_model_reducermode_node_v202.pt,cn_ftd,,test,subject_majority,12,0.4166666666666667,0.41666666666666663,0.4125874125874126,0.41258741258741255,0.41428571428571426,0.4142857142857143,0.41666666666666663,0.4166666666666667,xeegnet_scc_node
202,xeegnet_scc,node,xeegnet_scc_model_reducermode_node_v202.pt,/home/mgrabner/eeglass2/all-in-on-eeg/backend/ml/pretrained_models/cn_ftd/xeegnet_scc_model_reducermode_node_v202.pt,cn_ftd,,train,window,5524,0.8589790007241129,0.8746871652244841,0.8542108628795855,0.8613988664770413,0.8496114230626121,0.8782853498069624,0.8746871652244841,0.8589790007241129,xeegnet_scc_node
202,xeegnet_scc,node,xeegnet_scc_model_reducermode_node_v202.pt,/home/mgrabner/eeglass2/all-in-on-eeg/backend/ml/pretrained_models/cn_ftd/xeegnet_scc_model_reducermode_node_v202.pt,cn_ftd,,train,subject_majority,28,0.8928571428571429,0.8957219251336899,0.8893280632411067,0.8935629587803501,0.8854166666666667,0.896577380952381,0.8957219251336899,0.8928571428571429,xeegnet_scc_node
202,xeegnet_scc,node,xeegnet_scc_model_reducermode_node_v202.pt,/home/mgrabner/eeglass2/all-in-on-eeg/backend/ml/pretrained_models/cn_ftd/xeegnet_scc_model_reducermode_node_v202.pt,cn_ftd,,val,window,2355,0.7040339702760084,0.7036203522504892,0.703129337824701,0.7042775251667451,0.7029510565288062,0.7048319067213153,0.7036203522504892,0.7040339702760084,xeegnet_scc_node
202,xeegnet_scc,node,xeegnet_scc_model_reducermode_node_v202.pt,/home/mgrabner/eeglass2/all-in-on-eeg/backend/ml/pretrained_models/cn_ftd/xeegnet_scc_model_reducermode_node_v202.pt,cn_ftd,,val,subject_majority,2,1.0,1.0,1.0,1.0,1.0,1.0,1.0,1.0,xeegnet_scc_node
202,xeegnet_scc,edge,xeegnet_scc_model_reducermode_edge_v202.pt,/home/mgrabner/eeglass2/all-in-on-eeg/backend/ml/pretrained_models/cn_ftd/xeegnet_scc_model_reducermode_edge_v202.pt,cn_ftd,,test,window,2273,0.5103387593488782,0.5192931642881679,0.5090601278111139,0.5067784318773448,0.5198745106365183,0.5243708671662256,0.5192931642881679,0.5103387593488782,xeegnet_scc_edge
202,xeegnet_scc,edge,xeegnet_scc_model_reducermode_edge_v202.pt,/home/mgrabner/eeglass2/all-in-on-eeg/backend/ml/pretrained_models/cn_ftd/xeegnet_scc_model_reducermode_edge_v202.pt,cn_ftd,,test,subject_majority,12,0.5,0.5,0.4857142857142857,0.48571428571428577,0.5,0.5,0.5,0.5,xeegnet_scc_edge
202,xeegnet_scc,edge,xeegnet_scc_model_reducermode_edge_v202.pt,/home/mgrabner/eeglass2/all-in-on-eeg/backend/ml/pretrained_models/cn_ftd/xeegnet_scc_model_reducermode_edge_v202.pt,cn_ftd,,train,window,5524,0.7594134685010862,0.8029556186350612,0.7585674419332742,0.762463821172188,0.7872718864405905,0.836514582939292,0.8029556186350612,0.7594134685010862,xeegnet_scc_edge
202,xeegnet_scc,edge,xeegnet_scc_model_reducermode_edge_v202.pt,/home/mgrabner/eeglass2/all-in-on-eeg/backend/ml/pretrained_models/cn_ftd/xeegnet_scc_model_reducermode_edge_v202.pt,cn_ftd,,train,subject_majority,28,0.8214285714285714,0.8529411764705883,0.8212005108556832,0.8225688742930123,0.84375,0.8772321428571429,0.8529411764705883,0.8214285714285714,xeegnet_scc_edge
202,xeegnet_scc,edge,xeegnet_scc_model_reducermode_edge_v202.pt,/home/mgrabner/eeglass2/all-in-on-eeg/backend/ml/pretrained_models/cn_ftd/xeegnet_scc_model_reducermode_edge_v202.pt,cn_ftd,,val,window,2355,0.7036093418259023,0.7053761687323331,0.7034356069954839,0.7039385236098531,0.704463883693544,0.707228577971208,0.7053761687323331,0.7036093418259023,xeegnet_scc_edge
202,xeegnet_scc,edge,xeegnet_scc_model_reducermode_edge_v202.pt,/home/mgrabner/eeglass2/all-in-on-eeg/backend/ml/pretrained_models/cn_ftd/xeegnet_scc_model_reducermode_edge_v202.pt,cn_ftd,,val,subject_majority,2,1.0,1.0,1.0,1.0,1.0,1.0,1.0,1.0,xeegnet_scc_edge
203,xeegnet,None,xeegnet_model_v203.pt,/home/mgrabner/eeglass2/all-in-on-eeg/backend/ml/pretrained_models/cn_ftd/xeegnet_model_v203.pt,cn_ftd,,test,window,2384,0.3787751677852349,0.3735602584511658,0.37348822064432674,0.378606178607215,0.37342260287835694,0.3784435929679947,0.3735602584511658,0.3787751677852349,xeegnet
203,xeegnet,None,xeegnet_model_v203.pt,/home/mgrabner/eeglass2/all-in-on-eeg/backend/ml/pretrained_models/cn_ftd/xeegnet_model_v203.pt,cn_ftd,,test,subject_majority,12,0.25,0.25,0.24475524475524477,0.24475524475524477,0.24285714285714285,0.24285714285714288,0.25,0.25,xeegnet
203,xeegnet,None,xeegnet_model_v203.pt,/home/mgrabner/eeglass2/all-in-on-eeg/backend/ml/pretrained_models/cn_ftd/xeegnet_model_v203.pt,cn_ftd,,train,window,5495,0.5477707006369427,0.5035426060480125,0.5029552252659703,0.5425829698515756,0.5037092050121795,0.5386281197957371,0.5035426060480125,0.5477707006369427,xeegnet
203,xeegnet,None,xeegnet_model_v203.pt,/home/mgrabner/eeglass2/all-in-on-eeg/backend/ml/pretrained_models/cn_ftd/xeegnet_model_v203.pt,cn_ftd,,train,subject_majority,28,0.6428571428571429,0.5614973262032086,0.5238095238095237,0.5748299319727891,0.6533333333333333,0.6504761904761905,0.5614973262032086,0.6428571428571429,xeegnet
203,xeegnet,None,xeegnet_model_v203.pt,/home/mgrabner/eeglass2/all-in-on-eeg/backend/ml/pretrained_models/cn_ftd/xeegnet_model_v203.pt,cn_ftd,,val,window,2273,0.6088869335679719,0.5949099085032633,0.59126188749622,0.5989915157522637,0.6051806478405315,0.6062216263284286,0.5949099085032633,0.6088869335679719,xeegnet
203,xeegnet,None,xeegnet_model_v203.pt,/home/mgrabner/eeglass2/all-in-on-eeg/backend/ml/pretrained_models/cn_ftd/xeegnet_model_v203.pt,cn_ftd,,val,subject_majority,12,0.6666666666666666,0.6666666666666666,0.625,0.625,0.8,0.7999999999999999,0.6666666666666666,0.6666666666666666,xeegnet
203,xeegnet_scc,mean,xeegnet_scc_model_v203.pt,/home/mgrabner/eeglass2/all-in-on-eeg/backend/ml/pretrained_models/cn_ftd/xeegnet_scc_model_v203.pt,cn_ftd,,test,window,2384,0.5985738255033557,0.5916518400599307,0.5916240881301869,0.5963615296836009,0.5936983940837183,0.5962193488665551,0.5916518400599307,0.5985738255033557,xeegnet_scc_mean
203,xeegnet_scc,mean,xeegnet_scc_model_v203.pt,/home/mgrabner/eeglass2/all-in-on-eeg/backend/ml/pretrained_models/cn_ftd/xeegnet_scc_model_v203.pt,cn_ftd,,test,subject_majority,12,0.75,0.75,0.7333333333333334,0.7333333333333334,0.8333333333333333,0.8333333333333334,0.75,0.75,xeegnet_scc_mean
203,xeegnet_scc,mean,xeegnet_scc_model_v203.pt,/home/mgrabner/eeglass2/all-in-on-eeg/backend/ml/pretrained_models/cn_ftd/xeegnet_scc_model_v203.pt,cn_ftd,,train,window,5495,0.5472247497725204,0.5122603784803607,0.5122731883176965,0.5469396248660229,0.5122913003608836,0.5466594073680167,0.5122603784803607,0.5472247497725204,xeegnet_scc_mean
203,xeegnet_scc,mean,xeegnet_scc_model_v203.pt,/home/mgrabner/eeglass2/all-in-on-eeg/backend/ml/pretrained_models/cn_ftd/xeegnet_scc_model_v203.pt,cn_ftd,,train,subject_majority,28,0.5714285714285714,0.5187165775401069,0.5087719298245614,0.5463659147869674,0.5238095238095238,0.5442176870748299,0.5187165775401069,0.5714285714285714,xeegnet_scc_mean
203,xeegnet_scc,mean,xeegnet_scc_model_v203.pt,/home/mgrabner/eeglass2/all-in-on-eeg/backend/ml/pretrained_models/cn_ftd/xeegnet_scc_model_v203.pt,cn_ftd,,val,window,2273,0.519137703475583,0.5141870686693939,0.5141632292839391,0.5186402560564186,0.5142459020248817,0.5182482850300009,0.5141870686693939,0.519137703475583,xeegnet_scc_mean
203,xeegnet_scc,mean,xeegnet_scc_model_v203.pt,/home/mgrabner/eeglass2/all-in-on-eeg/backend/ml/pretrained_models/cn_ftd/xeegnet_scc_model_v203.pt,cn_ftd,,val,subject_majority,2,0.5,0.5,0.3333333333333333,0.3333333333333333,0.25,0.25,0.5,0.5,xeegnet_scc_mean
203,xeegnet_scc,node,xeegnet_scc_model_reducermode_node_v203.pt,/home/mgrabner/eeglass2/all-in-on-eeg/backend/ml/pretrained_models/cn_ftd/xeegnet_scc_model_reducermode_node_v203.pt,cn_ftd,,test,window,2384,0.7676174496644296,0.7668179122435139,0.7662248654772019,0.7678293646494424,0.7658462799869945,0.7682532541640216,0.7668179122435139,0.7676174496644296,xeegnet_scc_node
203,xeegnet_scc,node,xeegnet_scc_model_reducermode_node_v203.pt,/home/mgrabner/eeglass2/all-in-on-eeg/backend/ml/pretrained_models/cn_ftd/xeegnet_scc_model_reducermode_node_v203.pt,cn_ftd,,test,subject_majority,12,0.8333333333333334,0.8333333333333334,0.8333333333333334,0.8333333333333334,0.8333333333333334,0.8333333333333334,0.8333333333333334,0.8333333333333334,xeegnet_scc_node
203,xeegnet_scc,node,xeegnet_scc_model_reducermode_node_v203.pt,/home/mgrabner/eeglass2/all-in-on-eeg/backend/ml/pretrained_models/cn_ftd/xeegnet_scc_model_reducermode_node_v203.pt,cn_ftd,,train,window,5495,0.7814376706096451,0.7749977695705575,0.7692268743000439,0.7833214564327243,0.7656654228393354,0.7871918115174289,0.7749977695705575,0.7814376706096451,xeegnet_scc_node
203,xeegnet_scc,node,xeegnet_scc_model_reducermode_node_v203.pt,/home/mgrabner/eeglass2/all-in-on-eeg/backend/ml/pretrained_models/cn_ftd/xeegnet_scc_model_reducermode_node_v203.pt,cn_ftd,,train,subject_majority,28,0.8214285714285714,0.820855614973262,0.8155467720685112,0.8226049313005834,0.8125,0.8258928571428571,0.820855614973262,0.8214285714285714,xeegnet_scc_node
203,xeegnet_scc,node,xeegnet_scc_model_reducermode_node_v203.pt,/home/mgrabner/eeglass2/all-in-on-eeg/backend/ml/pretrained_models/cn_ftd/xeegnet_scc_model_reducermode_node_v203.pt,cn_ftd,,val,window,2273,0.5094588649362076,0.49230709177778476,0.48125512600322295,0.49227054856761504,0.4911203626107251,0.4955706205021376,0.49230709177778476,0.5094588649362076,xeegnet_scc_node
203,xeegnet_scc,node,xeegnet_scc_model_reducermode_node_v203.pt,/home/mgrabner/eeglass2/all-in-on-eeg/backend/ml/pretrained_models/cn_ftd/xeegnet_scc_model_reducermode_node_v203.pt,cn_ftd,,val,subject_majority,2,0.5,0.5,0.3333333333333333,0.3333333333333333,0.25,0.25,0.5,0.5,xeegnet_scc_node
203,xeegnet_scc,edge,xeegnet_scc_model_reducermode_edge_v203.pt,/home/mgrabner/eeglass2/all-in-on-eeg/backend/ml/pretrained_models/cn_ftd/xeegnet_scc_model_reducermode_edge_v203.pt,cn_ftd,,test,window,2384,0.75,0.7588356644448039,0.749745670766933,0.749036226064167,0.7629181258737228,0.7704418695144624,0.7588356644448039,0.75,xeegnet_scc_edge
203,xeegnet_scc,edge,xeegnet_scc_model_reducermode_edge_v203.pt,/home/mgrabner/eeglass2/all-in-on-eeg/backend/ml/pretrained_models/cn_ftd/xeegnet_scc_model_reducermode_edge_v203.pt,cn_ftd,,test,subject_majority,12,0.8333333333333334,0.8333333333333333,0.8285714285714285,0.8285714285714286,0.875,0.875,0.8333333333333333,0.8333333333333334,xeegnet_scc_edge
203,xeegnet_scc,edge,xeegnet_scc_model_reducermode_edge_v203.pt,/home/mgrabner/eeglass2/all-in-on-eeg/backend/ml/pretrained_models/cn_ftd/xeegnet_scc_model_reducermode_edge_v203.pt,cn_ftd,,train,window,5495,0.6991810737033667,0.7198761619967318,0.6952767030993312,0.7044350257862891,0.7046887438306002,0.7420640494847105,0.7198761619967318,0.6991810737033667,xeegnet_scc_edge
203,xeegnet_scc,edge,xeegnet_scc_model_reducermode_edge_v203.pt,/home/mgrabner/eeglass2/all-in-on-eeg/backend/ml/pretrained_models/cn_ftd/xeegnet_scc_model_reducermode_edge_v203.pt,cn_ftd,,train,subject_majority,28,0.75,0.7620320855614974,0.7470967741935484,0.7529032258064515,0.75,0.7729591836734694,0.7620320855614974,0.75,xeegnet_scc_edge
203,xeegnet_scc,edge,xeegnet_scc_model_reducermode_edge_v203.pt,/home/mgrabner/eeglass2/all-in-on-eeg/backend/ml/pretrained_models/cn_ftd/xeegnet_scc_model_reducermode_edge_v203.pt,cn_ftd,,val,window,2273,0.45754509458864934,0.45442260250444994,0.45442106154533485,0.4581807989869983,0.4546358027569273,0.4590315940647117,0.45442260250444994,0.45754509458864934,xeegnet_scc_edge
203,xeegnet_scc,edge,xeegnet_scc_model_reducermode_edge_v203.pt,/home/mgrabner/eeglass2/all-in-on-eeg/backend/ml/pretrained_models/cn_ftd/xeegnet_scc_model_reducermode_edge_v203.pt,cn_ftd,,val,subject_majority,2,0.0,0.0,0.0,0.0,0.0,0.0,0.0,0.0,xeegnet_scc_edge
204,xeegnet,None,xeegnet_model_v204.pt,/home/mgrabner/eeglass2/all-in-on-eeg/backend/ml/pretrained_models/cn_ftd/xeegnet_model_v204.pt,cn_ftd,,test,window,2209,0.7179719330013581,0.7025603734804942,0.7041176712145283,0.7112766725980993,0.7230002284669865,0.7212484809634461,0.7025603734804942,0.7179719330013581,xeegnet
204,xeegnet,None,xeegnet_model_v204.pt,/home/mgrabner/eeglass2/all-in-on-eeg/backend/ml/pretrained_models/cn_ftd/xeegnet_model_v204.pt,cn_ftd,,test,subject_majority,12,0.6666666666666666,0.6666666666666666,0.625,0.625,0.8,0.7999999999999999,0.6666666666666666,0.6666666666666666,xeegnet
204,xeegnet,None,xeegnet_model_v204.pt,/home/mgrabner/eeglass2/all-in-on-eeg/backend/ml/pretrained_models/cn_ftd/xeegnet_model_v204.pt,cn_ftd,,train,window,5924,0.7903443619176233,0.7663079564227377,0.7736685538674162,0.7845990897411216,0.7975031305544082,0.7940131480645047,0.7663079564227377,0.7903443619176233,xeegnet
204,xeegnet,None,xeegnet_model_v204.pt,/home/mgrabner/eeglass2/all-in-on-eeg/backend/ml/pretrained_models/cn_ftd/xeegnet_model_v204.pt,cn_ftd,,train,subject_majority,30,0.8666666666666667,0.8461538461538461,0.8564593301435407,0.8615629984051038,0.9047619047619048,0.8920634920634921,0.8461538461538461,0.8666666666666667,xeegnet
204,xeegnet,None,xeegnet_model_v204.pt,/home/mgrabner/eeglass2/all-in-on-eeg/backend/ml/pretrained_models/cn_ftd/xeegnet_model_v204.pt,cn_ftd,,val,window,2384,0.7520973154362416,0.7502341043168836,0.750177267710148,0.7521248759299176,0.7501228501228501,0.7521548241346899,0.7502341043168836,0.7520973154362416,xeegnet
204,xeegnet,None,xeegnet_model_v204.pt,/home/mgrabner/eeglass2/all-in-on-eeg/backend/ml/pretrained_models/cn_ftd/xeegnet_model_v204.pt,cn_ftd,,val,subject_majority,12,0.6666666666666666,0.6666666666666666,0.6666666666666666,0.6666666666666666,0.6666666666666666,0.6666666666666666,0.6666666666666666,0.6666666666666666,xeegnet
204,xeegnet_scc,mean,xeegnet_scc_model_v204.pt,/home/mgrabner/eeglass2/all-in-on-eeg/backend/ml/pretrained_models/cn_ftd/xeegnet_scc_model_v204.pt,cn_ftd,,test,window,2209,0.5626980534178361,0.5501901768786088,0.5491448115695103,0.5578854140147753,0.5524583976817228,0.5573316057102777,0.5501901768786088,0.5626980534178361,xeegnet_scc_mean
204,xeegnet_scc,mean,xeegnet_scc_model_v204.pt,/home/mgrabner/eeglass2/all-in-on-eeg/backend/ml/pretrained_models/cn_ftd/xeegnet_scc_model_v204.pt,cn_ftd,,test,subject_majority,12,0.5833333333333334,0.5833333333333333,0.5804195804195804,0.5804195804195804,0.5857142857142856,0.5857142857142857,0.5833333333333333,0.5833333333333334,xeegnet_scc_mean
204,xeegnet_scc,mean,xeegnet_scc_model_v204.pt,/home/mgrabner/eeglass2/all-in-on-eeg/backend/ml/pretrained_models/cn_ftd/xeegnet_scc_model_v204.pt,cn_ftd,,train,window,5924,0.6139432815665091,0.5788365664337846,0.5756767959845827,0.5983484518605525,0.5929473462171486,0.6017850921669193,0.5788365664337846,0.6139432815665091,xeegnet_scc_mean
204,xeegnet_scc,mean,xeegnet_scc_model_v204.pt,/home/mgrabner/eeglass2/all-in-on-eeg/backend/ml/pretrained_models/cn_ftd/xeegnet_scc_model_v204.pt,cn_ftd,,train,subject_majority,30,0.7333333333333333,0.6923076923076923,0.6825396825396826,0.6994708994708995,0.8400000000000001,0.8186666666666668,0.6923076923076923,0.7333333333333333,xeegnet_scc_mean
204,xeegnet_scc,mean,xeegnet_scc_model_v204.pt,/home/mgrabner/eeglass2/all-in-on-eeg/backend/ml/pretrained_models/cn_ftd/xeegnet_scc_model_v204.pt,cn_ftd,,val,window,2384,0.6195469798657718,0.6024149633804096,0.5949927391233416,0.6038607102262296,0.6213674955002215,0.6209663007866006,0.6024149633804096,0.6195469798657718,xeegnet_scc_mean
204,xeegnet_scc,mean,xeegnet_scc_model_v204.pt,/home/mgrabner/eeglass2/all-in-on-eeg/backend/ml/pretrained_models/cn_ftd/xeegnet_scc_model_v204.pt,cn_ftd,,val,subject_majority,2,0.5,0.5,0.3333333333333333,0.3333333333333333,0.25,0.25,0.5,0.5,xeegnet_scc_mean
204,xeegnet_scc,node,xeegnet_scc_model_reducermode_node_v204.pt,/home/mgrabner/eeglass2/all-in-on-eeg/backend/ml/pretrained_models/cn_ftd/xeegnet_scc_model_reducermode_node_v204.pt,cn_ftd,,test,window,2209,0.6613852421910367,0.6493066969488689,0.6499652577703963,0.6570347719355545,0.6572219017150049,0.6590882267559847,0.6493066969488689,0.6613852421910367,xeegnet_scc_node
204,xeegnet_scc,node,xeegnet_scc_model_reducermode_node_v204.pt,/home/mgrabner/eeglass2/all-in-on-eeg/backend/ml/pretrained_models/cn_ftd/xeegnet_scc_model_reducermode_node_v204.pt,cn_ftd,,test,subject_majority,12,0.6666666666666666,0.6666666666666667,0.6571428571428571,0.6571428571428571,0.6875,0.6875,0.6666666666666667,0.6666666666666666,xeegnet_scc_node
204,xeegnet_scc,node,xeegnet_scc_model_reducermode_node_v204.pt,/home/mgrabner/eeglass2/all-in-on-eeg/backend/ml/pretrained_models/cn_ftd/xeegnet_scc_model_reducermode_node_v204.pt,cn_ftd,,train,window,5924,0.8808237677245104,0.866506585967161,0.8738801983349695,0.8791453221742331,0.8878268207394122,0.8835503329771257,0.866506585967161,0.8808237677245104,xeegnet_scc_node
204,xeegnet_scc,node,xeegnet_scc_model_reducermode_node_v204.pt,/home/mgrabner/eeglass2/all-in-on-eeg/backend/ml/pretrained_models/cn_ftd/xeegnet_scc_model_reducermode_node_v204.pt,cn_ftd,,train,subject_majority,30,0.9333333333333333,0.9230769230769231,0.9305555555555556,0.9324074074074074,0.9473684210526316,0.9403508771929824,0.9230769230769231,0.9333333333333333,xeegnet_scc_node
204,xeegnet_scc,node,xeegnet_scc_model_reducermode_node_v204.pt,/home/mgrabner/eeglass2/all-in-on-eeg/backend/ml/pretrained_models/cn_ftd/xeegnet_scc_model_reducermode_node_v204.pt,cn_ftd,,val,window,2384,0.6975671140939598,0.6964724026480745,0.6958907682010684,0.6978985949202376,0.6956127284272116,0.6985305436479905,0.6964724026480745,0.6975671140939598,xeegnet_scc_node
204,xeegnet_scc,node,xeegnet_scc_model_reducermode_node_v204.pt,/home/mgrabner/eeglass2/all-in-on-eeg/backend/ml/pretrained_models/cn_ftd/xeegnet_scc_model_reducermode_node_v204.pt,cn_ftd,,val,subject_majority,2,1.0,1.0,1.0,1.0,1.0,1.0,1.0,1.0,xeegnet_scc_node
204,xeegnet_scc,edge,xeegnet_scc_model_reducermode_edge_v204.pt,/home/mgrabner/eeglass2/all-in-on-eeg/backend/ml/pretrained_models/cn_ftd/xeegnet_scc_model_reducermode_edge_v204.pt,cn_ftd,,test,window,2209,0.7052965142598461,0.6934151152018648,0.694993366696042,0.7012615377508686,0.7043664054647167,0.7047730193981625,0.6934151152018648,0.7052965142598461,xeegnet_scc_edge
204,xeegnet_scc,edge,xeegnet_scc_model_reducermode_edge_v204.pt,/home/mgrabner/eeglass2/all-in-on-eeg/backend/ml/pretrained_models/cn_ftd/xeegnet_scc_model_reducermode_edge_v204.pt,cn_ftd,,test,subject_majority,12,0.75,0.75,0.7482517482517483,0.7482517482517483,0.7571428571428571,0.7571428571428571,0.75,0.75,xeegnet_scc_edge
204,xeegnet_scc,edge,xeegnet_scc_model_reducermode_edge_v204.pt,/home/mgrabner/eeglass2/all-in-on-eeg/backend/ml/pretrained_models/cn_ftd/xeegnet_scc_model_reducermode_edge_v204.pt,cn_ftd,,train,window,5924,0.9682646860229575,0.9664208368571686,0.9671736476171926,0.9682384202835593,0.9679675611903442,0.9682507163201581,0.9664208368571686,0.9682646860229575,xeegnet_scc_edge
204,xeegnet_scc,edge,xeegnet_scc_model_reducermode_edge_v204.pt,/home/mgrabner/eeglass2/all-in-on-eeg/backend/ml/pretrained_models/cn_ftd/xeegnet_scc_model_reducermode_edge_v204.pt,cn_ftd,,train,subject_majority,30,1.0,1.0,1.0,1.0,1.0,1.0,1.0,1.0,xeegnet_scc_edge
204,xeegnet_scc,edge,xeegnet_scc_model_reducermode_edge_v204.pt,/home/mgrabner/eeglass2/all-in-on-eeg/backend/ml/pretrained_models/cn_ftd/xeegnet_scc_model_reducermode_edge_v204.pt,cn_ftd,,val,window,2384,0.6828859060402684,0.6794558564387201,0.6797475372084097,0.682566749887876,0.6801798336709488,0.6823863234490094,0.6794558564387201,0.6828859060402684,xeegnet_scc_edge
204,xeegnet_scc,edge,xeegnet_scc_model_reducermode_edge_v204.pt,/home/mgrabner/eeglass2/all-in-on-eeg/backend/ml/pretrained_models/cn_ftd/xeegnet_scc_model_reducermode_edge_v204.pt,cn_ftd,,val,subject_majority,2,1.0,1.0,1.0,1.0,1.0,1.0,1.0,1.0,xeegnet_scc_edge
200,xeegnet,None,xeegnet_model_v200.pt,/home/mgrabner/eeglass2/all-in-on-eeg/backend/ml/pretrained_models/xeegnet_model_v200.pt,three_class,,test,window,3604,0.4667036625971143,0.4447648883622801,0.3907972034850613,0.4096228453850744,0.36553446124939265,0.3800416474329377,0.4447648883622801,0.4667036625971143,xeegnet
200,xeegnet,None,xeegnet_model_v200.pt,/home/mgrabner/eeglass2/all-in-on-eeg/backend/ml/pretrained_models/xeegnet_model_v200.pt,three_class,,test,subject_majority,18,0.4444444444444444,0.4444444444444445,0.36507936507936506,0.36507936507936506,0.3101851851851852,0.31018518518518523,0.4444444444444445,0.4444444444444444,xeegnet
200,xeegnet,None,xeegnet_model_v200.pt,/home/mgrabner/eeglass2/all-in-on-eeg/backend/ml/pretrained_models/xeegnet_model_v200.pt,three_class,,train,window,10981,0.7423731900555505,0.6919962821579189,0.6930250193508659,0.7241789377067746,0.7544014161026631,0.7504139210563201,0.6919962821579189,0.7423731900555505,xeegnet
200,xeegnet,None,xeegnet_model_v200.pt,/home/mgrabner/eeglass2/all-in-on-eeg/backend/ml/pretrained_models/xeegnet_model_v200.pt,three_class,,train,subject_majority,55,0.7636363636363637,0.7202380952380952,0.6979894179894179,0.7298932178932179,0.8292307692307692,0.8171748251748252,0.7202380952380952,0.7636363636363637,xeegnet
200,xeegnet,None,xeegnet_model_v200.pt,/home/mgrabner/eeglass2/all-in-on-eeg/backend/ml/pretrained_models/xeegnet_model_v200.pt,three_class,,val,window,3274,0.5436774587660355,0.5208795765692115,0.48000562396124496,0.5002611619311422,0.5094921488241387,0.521679286363556,0.5208795765692115,0.5436774587660355,xeegnet
200,xeegnet,None,xeegnet_model_v200.pt,/home/mgrabner/eeglass2/all-in-on-eeg/backend/ml/pretrained_models/xeegnet_model_v200.pt,three_class,,val,subject_majority,18,0.6111111111111112,0.6111111111111112,0.5599816849816849,0.559981684981685,0.7380952380952381,0.738095238095238,0.6111111111111112,0.6111111111111112,xeegnet
200,xeegnet_scc,mean,xeegnet_scc_model_v200.pt,/home/mgrabner/eeglass2/all-in-on-eeg/backend/ml/pretrained_models/xeegnet_scc_model_v200.pt,three_class,,test,window,3604,0.4669811320754717,0.44440211576726557,0.4180964675296332,0.43464458136745304,0.4146553079580903,0.4249142025574468,0.44440211576726557,0.4669811320754717,xeegnet_scc_mean
200,xeegnet_scc,mean,xeegnet_scc_model_v200.pt,/home/mgrabner/eeglass2/all-in-on-eeg/backend/ml/pretrained_models/xeegnet_scc_model_v200.pt,three_class,,test,subject_majority,18,0.4444444444444444,0.4444444444444444,0.3717948717948718,0.3717948717948718,0.3238095238095238,0.3238095238095238,0.4444444444444444,0.4444444444444444,xeegnet_scc_mean
200,xeegnet_scc,mean,xeegnet_scc_model_v200.pt,/home/mgrabner/eeglass2/all-in-on-eeg/backend/ml/pretrained_models/xeegnet_scc_model_v200.pt,three_class,,train,window,10981,0.7574902103633548,0.7114212208350885,0.7180025801177844,0.7449754175948686,0.7547608543530132,0.755744050128489,0.7114212208350885,0.7574902103633548,xeegnet_scc_mean
200,xeegnet_scc,mean,xeegnet_scc_model_v200.pt,/home/mgrabner/eeglass2/all-in-on-eeg/backend/ml/pretrained_models/xeegnet_scc_model_v200.pt,three_class,,train,subject_majority,55,0.8363636363636363,0.7998366013071895,0.8109347442680775,0.824011544011544,0.8851851851851852,0.8638383838383838,0.7998366013071895,0.8363636363636363,xeegnet_scc_mean
200,xeegnet_scc,mean,xeegnet_scc_model_v200.pt,/home/mgrabner/eeglass2/all-in-on-eeg/backend/ml/pretrained_models/xeegnet_scc_model_v200.pt,three_class,,val,window,3274,0.5620036652412951,0.5415725862389048,0.5070266434414666,0.5267104350042295,0.5661601206492933,0.577638087445023,0.5415725862389048,0.5620036652412951,xeegnet_scc_mean
200,xeegnet_scc,mean,xeegnet_scc_model_v200.pt,/home/mgrabner/eeglass2/all-in-on-eeg/backend/ml/pretrained_models/xeegnet_scc_model_v200.pt,three_class,,val,subject_majority,3,0.6666666666666666,0.6666666666666666,0.5555555555555555,0.5555555555555555,0.5,0.5,0.6666666666666666,0.6666666666666666,xeegnet_scc_mean
200,xeegnet_scc,node,xeegnet_scc_model_reducermode_node_v200.pt,/home/mgrabner/eeglass2/all-in-on-eeg/backend/ml/pretrained_models/xeegnet_scc_model_reducermode_node_v200.pt,three_class,,test,window,3604,0.4370144284128746,0.4319701082880883,0.4162819945500292,0.42280024570376146,0.41788259504663033,0.4259355535852421,0.4319701082880883,0.4370144284128746,xeegnet_scc_node
200,xeegnet_scc,node,xeegnet_scc_model_reducermode_node_v200.pt,/home/mgrabner/eeglass2/all-in-on-eeg/backend/ml/pretrained_models/xeegnet_scc_model_reducermode_node_v200.pt,three_class,,test,subject_majority,18,0.5,0.49999999999999994,0.49350649350649345,0.49350649350649345,0.5,0.5,0.49999999999999994,0.5,xeegnet_scc_node
200,xeegnet_scc,node,xeegnet_scc_model_reducermode_node_v200.pt,/home/mgrabner/eeglass2/all-in-on-eeg/backend/ml/pretrained_models/xeegnet_scc_model_reducermode_node_v200.pt,three_class,,train,window,10981,0.8017484746380111,0.7941832948741382,0.7910511129410799,0.8013655654727565,0.7912025980885558,0.8045202419555183,0.7941832948741382,0.8017484746380111,xeegnet_scc_node
200,xeegnet_scc,node,xeegnet_scc_model_reducermode_node_v200.pt,/home/mgrabner/eeglass2/all-in-on-eeg/backend/ml/pretrained_models/xeegnet_scc_model_reducermode_node_v200.pt,three_class,,train,subject_majority,55,0.8909090909090909,0.8869047619047619,0.8894512877939529,0.8904969968441413,0.9075224292615597,0.9031808770939206,0.8869047619047619,0.8909090909090909,xeegnet_scc_node
200,xeegnet_scc,node,xeegnet_scc_model_reducermode_node_v200.pt,/home/mgrabner/eeglass2/all-in-on-eeg/backend/ml/pretrained_models/xeegnet_scc_model_reducermode_node_v200.pt,three_class,,val,window,3274,0.5653634697617593,0.5537592170213737,0.554175750867248,0.5657088673080204,0.5568490428347493,0.568203221990061,0.5537592170213737,0.5653634697617593,xeegnet_scc_node
200,xeegnet_scc,node,xeegnet_scc_model_reducermode_node_v200.pt,/home/mgrabner/eeglass2/all-in-on-eeg/backend/ml/pretrained_models/xeegnet_scc_model_reducermode_node_v200.pt,three_class,,val,subject_majority,3,0.6666666666666666,0.6666666666666666,0.5555555555555555,0.5555555555555555,0.5,0.5,0.6666666666666666,0.6666666666666666,xeegnet_scc_node
200,xeegnet_scc,edge,xeegnet_scc_model_reducermode_edge_v200.pt,/home/mgrabner/eeglass2/all-in-on-eeg/backend/ml/pretrained_models/xeegnet_scc_model_reducermode_edge_v200.pt,three_class,,test,window,3604,0.4209211986681465,0.4105257796642369,0.40233590302714056,0.41266175654353193,0.40025531778802265,0.410250613319379,0.4105257796642369,0.4209211986681465,xeegnet_scc_edge
200,xeegnet_scc,edge,xeegnet_scc_model_reducermode_edge_v200.pt,/home/mgrabner/eeglass2/all-in-on-eeg/backend/ml/pretrained_models/xeegnet_scc_model_reducermode_edge_v200.pt,three_class,,test,subject_majority,18,0.3888888888888889,0.3888888888888889,0.37435897435897436,0.37435897435897436,0.36904761904761907,0.369047619047619,0.3888888888888889,0.3888888888888889,xeegnet_scc_edge
200,xeegnet_scc,edge,xeegnet_scc_model_reducermode_edge_v200.pt,/home/mgrabner/eeglass2/all-in-on-eeg/backend/ml/pretrained_models/xeegnet_scc_model_reducermode_edge_v200.pt,three_class,,train,window,10981,0.9337036699754121,0.928574467662652,0.9305544794030384,0.9335896541237418,0.9332320478083398,0.934038331654399,0.928574467662652,0.9337036699754121,xeegnet_scc_edge
200,xeegnet_scc,edge,xeegnet_scc_model_reducermode_edge_v200.pt,/home/mgrabner/eeglass2/all-in-on-eeg/backend/ml/pretrained_models/xeegnet_scc_model_reducermode_edge_v200.pt,three_class,,train,subject_majority,55,0.9818181818181818,0.9761904761904763,0.980851599899219,0.9816670102384387,0.9866666666666667,0.9825454545454545,0.9761904761904763,0.9818181818181818,xeegnet_scc_edge
200,xeegnet_scc,edge,xeegnet_scc_model_reducermode_edge_v200.pt,/home/mgrabner/eeglass2/all-in-on-eeg/backend/ml/pretrained_models/xeegnet_scc_model_reducermode_edge_v200.pt,three_class,,val,window,3274,0.5720830788026878,0.555217601807529,0.5484218197589554,0.562899923515618,0.5506805091957128,0.5621486438204467,0.555217601807529,0.5720830788026878,xeegnet_scc_edge
200,xeegnet_scc,edge,xeegnet_scc_model_reducermode_edge_v200.pt,/home/mgrabner/eeglass2/all-in-on-eeg/backend/ml/pretrained_models/xeegnet_scc_model_reducermode_edge_v200.pt,three_class,,val,subject_majority,3,0.6666666666666666,0.6666666666666666,0.5555555555555555,0.5555555555555555,0.5,0.5,0.6666666666666666,0.6666666666666666,xeegnet_scc_edge
201,xeegnet,None,xeegnet_model_v201.pt,/home/mgrabner/eeglass2/all-in-on-eeg/backend/ml/pretrained_models/xeegnet_model_v201.pt,three_class,,test,window,3622,0.545002760905577,0.5317231466364896,0.5137475860584337,0.5219452434465391,0.5391141583194563,0.5396105251431971,0.5317231466364896,0.545002760905577,xeegnet
201,xeegnet,None,xeegnet_model_v201.pt,/home/mgrabner/eeglass2/all-in-on-eeg/backend/ml/pretrained_models/xeegnet_model_v201.pt,three_class,,test,subject_majority,18,0.6111111111111112,0.611111111111111,0.5523809523809523,0.5523809523809524,0.7222222222222222,0.7222222222222222,0.611111111111111,0.6111111111111112,xeegnet
201,xeegnet,None,xeegnet_model_v201.pt,/home/mgrabner/eeglass2/all-in-on-eeg/backend/ml/pretrained_models/xeegnet_model_v201.pt,three_class,,train,window,10193,0.584126361228294,0.5103800412224003,0.5072628646206193,0.5680872283447265,0.5166035745426166,0.5608564756304065,0.5103800412224003,0.584126361228294,xeegnet
201,xeegnet,None,xeegnet_model_v201.pt,/home/mgrabner/eeglass2/all-in-on-eeg/backend/ml/pretrained_models/xeegnet_model_v201.pt,three_class,,train,subject_majority,52,0.6153846153846154,0.5344622697563874,0.524928774928775,0.5895381328073637,0.5468671679197995,0.5863504916136495,0.5344622697563874,0.6153846153846154,xeegnet
201,xeegnet,None,xeegnet_model_v201.pt,/home/mgrabner/eeglass2/all-in-on-eeg/backend/ml/pretrained_models/xeegnet_model_v201.pt,three_class,,val,window,3604,0.45033296337402884,0.4323402550719421,0.38568974753561874,0.40048062949069413,0.37430206021977847,0.38371209569016185,0.4323402550719421,0.45033296337402884,xeegnet
201,xeegnet,None,xeegnet_model_v201.pt,/home/mgrabner/eeglass2/all-in-on-eeg/backend/ml/pretrained_models/xeegnet_model_v201.pt,three_class,,val,subject_majority,18,0.5555555555555556,0.5555555555555556,0.45248868778280543,0.4524886877828054,0.3896103896103896,0.38961038961038963,0.5555555555555556,0.5555555555555556,xeegnet
201,xeegnet_scc,mean,xeegnet_scc_model_v201.pt,/home/mgrabner/eeglass2/all-in-on-eeg/backend/ml/pretrained_models/xeegnet_scc_model_v201.pt,three_class,,test,window,3622,0.6927112092766428,0.679914121774411,0.6714695582098869,0.6777337999911096,0.714488758603264,0.710720440969615,0.679914121774411,0.6927112092766428,xeegnet_scc_mean
201,xeegnet_scc,mean,xeegnet_scc_model_v201.pt,/home/mgrabner/eeglass2/all-in-on-eeg/backend/ml/pretrained_models/xeegnet_scc_model_v201.pt,three_class,,test,subject_majority,18,0.7777777777777778,0.7777777777777778,0.7666666666666666,0.7666666666666667,0.8333333333333334,0.8333333333333334,0.7777777777777778,0.7777777777777778,xeegnet_scc_mean
201,xeegnet_scc,mean,xeegnet_scc_model_v201.pt,/home/mgrabner/eeglass2/all-in-on-eeg/backend/ml/pretrained_models/xeegnet_scc_model_v201.pt,three_class,,train,window,10193,0.7613067791621702,0.7065777277153468,0.7170572020233771,0.7527974567804309,0.745328929316389,0.7560854011557409,0.7065777277153468,0.7613067791621702,xeegnet_scc_mean
201,xeegnet_scc,mean,xeegnet_scc_model_v201.pt,/home/mgrabner/eeglass2/all-in-on-eeg/backend/ml/pretrained_models/xeegnet_scc_model_v201.pt,three_class,,train,subject_majority,52,0.7884615384615384,0.7372994652406417,0.7483660130718954,0.7769607843137256,0.8001949317738792,0.7933535762483133,0.7372994652406417,0.7884615384615384,xeegnet_scc_mean
201,xeegnet_scc,mean,xeegnet_scc_model_v201.pt,/home/mgrabner/eeglass2/all-in-on-eeg/backend/ml/pretrained_models/xeegnet_scc_model_v201.pt,three_class,,val,window,3604,0.4253607103218646,0.4045255646878843,0.3693128278120836,0.38676305941025274,0.3455817901260212,0.3598629127676926,0.4045255646878843,0.4253607103218646,xeegnet_scc_mean
201,xeegnet_scc,mean,xeegnet_scc_model_v201.pt,/home/mgrabner/eeglass2/all-in-on-eeg/backend/ml/pretrained_models/xeegnet_scc_model_v201.pt,three_class,,val,subject_majority,3,0.6666666666666666,0.6666666666666666,0.5555555555555555,0.5555555555555555,0.5,0.5,0.6666666666666666,0.6666666666666666,xeegnet_scc_mean
201,xeegnet_scc,node,xeegnet_scc_model_reducermode_node_v201.pt,/home/mgrabner/eeglass2/all-in-on-eeg/backend/ml/pretrained_models/xeegnet_scc_model_reducermode_node_v201.pt,three_class,,test,window,3622,0.518498067366096,0.5113840706022648,0.5025904381333579,0.5069716440561952,0.5185280027255811,0.5203994582772877,0.5113840706022648,0.518498067366096,xeegnet_scc_node
201,xeegnet_scc,node,xeegnet_scc_model_reducermode_node_v201.pt,/home/mgrabner/eeglass2/all-in-on-eeg/backend/ml/pretrained_models/xeegnet_scc_model_reducermode_node_v201.pt,three_class,,test,subject_majority,18,0.6111111111111112,0.611111111111111,0.5799663299663299,0.5799663299663299,0.6222222222222222,0.6222222222222222,0.611111111111111,0.6111111111111112,xeegnet_scc_node
201,xeegnet_scc,node,xeegnet_scc_model_reducermode_node_v201.pt,/home/mgrabner/eeglass2/all-in-on-eeg/backend/ml/pretrained_models/xeegnet_scc_model_reducermode_node_v201.pt,three_class,,train,window,10193,0.803885019130776,0.7884288451102296,0.791891576431329,0.8032530907440807,0.7963002458326516,0.8032746739311174,0.7884288451102296,0.803885019130776,xeegnet_scc_node
201,xeegnet_scc,node,xeegnet_scc_model_reducermode_node_v201.pt,/home/mgrabner/eeglass2/all-in-on-eeg/backend/ml/pretrained_models/xeegnet_scc_model_reducermode_node_v201.pt,three_class,,train,subject_majority,52,0.8653846153846154,0.8699494949494949,0.872079772079772,0.8651380670611439,0.8924963924963926,0.8817432567432567,0.8699494949494949,0.8653846153846154,xeegnet_scc_node
201,xeegnet_scc,node,xeegnet_scc_model_reducermode_node_v201.pt,/home/mgrabner/eeglass2/all-in-on-eeg/backend/ml/pretrained_models/xeegnet_scc_model_reducermode_node_v201.pt,three_class,,val,window,3604,0.413984461709212,0.40721751857295696,0.3782614818002709,0.3851959238524595,0.383199363217392,0.38865855233503593,0.40721751857295696,0.413984461709212,xeegnet_scc_node
201,xeegnet_scc,node,xeegnet_scc_model_reducermode_node_v201.pt,/home/mgrabner/eeglass2/all-in-on-eeg/backend/ml/pretrained_models/xeegnet_scc_model_reducermode_node_v201.pt,three_class,,val,subject_majority,3,0.3333333333333333,0.3333333333333333,0.2222222222222222,0.2222222222222222,0.16666666666666666,0.16666666666666666,0.3333333333333333,0.3333333333333333,xeegnet_scc_node
201,xeegnet_scc,edge,xeegnet_scc_model_reducermode_edge_v201.pt,/home/mgrabner/eeglass2/all-in-on-eeg/backend/ml/pretrained_models/xeegnet_scc_model_reducermode_edge_v201.pt,three_class,,test,window,3622,0.52263942573164,0.5110168877292165,0.4976444200000232,0.5055350876490888,0.5064199639784183,0.509356198724494,0.5110168877292165,0.52263942573164,xeegnet_scc_edge
201,xeegnet_scc,edge,xeegnet_scc_model_reducermode_edge_v201.pt,/home/mgrabner/eeglass2/all-in-on-eeg/backend/ml/pretrained_models/xeegnet_scc_model_reducermode_edge_v201.pt,three_class,,test,subject_majority,18,0.5555555555555556,0.5555555555555556,0.5373737373737373,0.5373737373737373,0.5518518518518518,0.5518518518518518,0.5555555555555556,0.5555555555555556,xeegnet_scc_edge
201,xeegnet_scc,edge,xeegnet_scc_model_reducermode_edge_v201.pt,/home/mgrabner/eeglass2/all-in-on-eeg/backend/ml/pretrained_models/xeegnet_scc_model_reducermode_edge_v201.pt,three_class,,train,window,10193,0.9292651819876385,0.9233280576976474,0.9222817655974388,0.929411414194964,0.9213417618682094,0.9296411273664537,0.9233280576976474,0.9292651819876385,xeegnet_scc_edge
201,xeegnet_scc,edge,xeegnet_scc_model_reducermode_edge_v201.pt,/home/mgrabner/eeglass2/all-in-on-eeg/backend/ml/pretrained_models/xeegnet_scc_model_reducermode_edge_v201.pt,three_class,,train,subject_majority,52,1.0,1.0,1.0,1.0,1.0,1.0,1.0,1.0,xeegnet_scc_edge
201,xeegnet_scc,edge,xeegnet_scc_model_reducermode_edge_v201.pt,/home/mgrabner/eeglass2/all-in-on-eeg/backend/ml/pretrained_models/xeegnet_scc_model_reducermode_edge_v201.pt,three_class,,val,window,3604,0.47918978912319643,0.46679465258821534,0.46344373280657875,0.4742627853935022,0.4615151678373725,0.47071266843076315,0.46679465258821534,0.47918978912319643,xeegnet_scc_edge
201,xeegnet_scc,edge,xeegnet_scc_model_reducermode_edge_v201.pt,/home/mgrabner/eeglass2/all-in-on-eeg/backend/ml/pretrained_models/xeegnet_scc_model_reducermode_edge_v201.pt,three_class,,val,subject_majority,3,0.6666666666666666,0.6666666666666666,0.5555555555555555,0.5555555555555555,0.5,0.5,0.6666666666666666,0.6666666666666666,xeegnet_scc_edge
202,xeegnet,None,xeegnet_model_v202.pt,/home/mgrabner/eeglass2/all-in-on-eeg/backend/ml/pretrained_models/xeegnet_model_v202.pt,three_class,,test,window,3416,0.3322599531615925,0.323928886205268,0.3188353116753319,0.3230417316845771,0.3673650691162121,0.36345434801658244,0.323928886205268,0.3322599531615925,xeegnet
202,xeegnet,None,xeegnet_model_v202.pt,/home/mgrabner/eeglass2/all-in-on-eeg/backend/ml/pretrained_models/xeegnet_model_v202.pt,three_class,,test,subject_majority,18,0.3333333333333333,0.3333333333333333,0.3238095238095238,0.3238095238095238,0.5277777777777778,0.5277777777777778,0.3333333333333333,0.3333333333333333,xeegnet
202,xeegnet,None,xeegnet_model_v202.pt,/home/mgrabner/eeglass2/all-in-on-eeg/backend/ml/pretrained_models/xeegnet_model_v202.pt,three_class,,train,window,10381,0.628648492438108,0.548372308705968,0.5466204658115301,0.604146032505579,0.59393571590888,0.6129164886925057,0.548372308705968,0.628648492438108,xeegnet
202,xeegnet,None,xeegnet_model_v202.pt,/home/mgrabner/eeglass2/all-in-on-eeg/backend/ml/pretrained_models/xeegnet_model_v202.pt,three_class,,train,subject_majority,52,0.6730769230769231,0.5932857991681522,0.5882352941176471,0.6401098901098901,0.6854575163398692,0.6794871794871795,0.5932857991681522,0.6730769230769231,xeegnet
202,xeegnet,None,xeegnet_model_v202.pt,/home/mgrabner/eeglass2/all-in-on-eeg/backend/ml/pretrained_models/xeegnet_model_v202.pt,three_class,,val,window,3622,0.5623964660408614,0.5454054788914396,0.5162741492479788,0.527708780795142,0.5586433204538033,0.5602756721193951,0.5454054788914396,0.5623964660408614,xeegnet
202,xeegnet,None,xeegnet_model_v202.pt,/home/mgrabner/eeglass2/all-in-on-eeg/backend/ml/pretrained_models/xeegnet_model_v202.pt,three_class,,val,subject_majority,18,0.6111111111111112,0.6111111111111112,0.5694444444444445,0.5694444444444444,0.6111111111111112,0.6111111111111112,0.6111111111111112,0.6111111111111112,xeegnet
202,xeegnet_scc,mean,xeegnet_scc_model_v202.pt,/home/mgrabner/eeglass2/all-in-on-eeg/backend/ml/pretrained_models/xeegnet_scc_model_v202.pt,three_class,,test,window,3416,0.43179156908665106,0.42037759191326346,0.37634762071695516,0.3869897643820271,0.4419426673987185,0.4456574503656585,0.42037759191326346,0.43179156908665106,xeegnet_scc_mean
202,xeegnet_scc,mean,xeegnet_scc_model_v202.pt,/home/mgrabner/eeglass2/all-in-on-eeg/backend/ml/pretrained_models/xeegnet_scc_model_v202.pt,three_class,,test,subject_majority,18,0.5,0.5000000000000001,0.4622414622414623,0.4622414622414622,0.6722222222222222,0.6722222222222222,0.5000000000000001,0.5,xeegnet_scc_mean
202,xeegnet_scc,mean,xeegnet_scc_model_v202.pt,/home/mgrabner/eeglass2/all-in-on-eeg/backend/ml/pretrained_models/xeegnet_scc_model_v202.pt,three_class,,train,window,10381,0.7236297081206049,0.645469610714054,0.6547164276148013,0.7063286244763864,0.7033054479798221,0.7173547237434822,0.645469610714054,0.7236297081206049,xeegnet_scc_mean
202,xeegnet_scc,mean,xeegnet_scc_model_v202.pt,/home/mgrabner/eeglass2/all-in-on-eeg/backend/ml/pretrained_models/xeegnet_scc_model_v202.pt,three_class,,train,subject_majority,52,0.7307692307692307,0.6406714200831848,0.634383848006139,0.6905948302709437,0.8300653594771242,0.7884615384615384,0.6406714200831848,0.7307692307692307,xeegnet_scc_mean
202,xeegnet_scc,mean,xeegnet_scc_model_v202.pt,/home/mgrabner/eeglass2/all-in-on-eeg/backend/ml/pretrained_models/xeegnet_scc_model_v202.pt,three_class,,val,window,3622,0.6060187741579238,0.5865137228567184,0.5492963757672277,0.5631085538002882,0.5827899065855238,0.5871335347522306,0.5865137228567184,0.6060187741579238,xeegnet_scc_mean
202,xeegnet_scc,mean,xeegnet_scc_model_v202.pt,/home/mgrabner/eeglass2/all-in-on-eeg/backend/ml/pretrained_models/xeegnet_scc_model_v202.pt,three_class,,val,subject_majority,3,0.6666666666666666,0.6666666666666666,0.5555555555555555,0.5555555555555555,0.5,0.5,0.6666666666666666,0.6666666666666666,xeegnet_scc_mean
202,xeegnet_scc,node,xeegnet_scc_model_reducermode_node_v202.pt,/home/mgrabner/eeglass2/all-in-on-eeg/backend/ml/pretrained_models/xeegnet_scc_model_reducermode_node_v202.pt,three_class,,test,window,3416,0.3916861826697892,0.37889709734637994,0.3557861078831211,0.3662660991750309,0.3494684088122864,0.3568551723225996,0.37889709734637994,0.3916861826697892,xeegnet_scc_node
202,xeegnet_scc,node,xeegnet_scc_model_reducermode_node_v202.pt,/home/mgrabner/eeglass2/all-in-on-eeg/backend/ml/pretrained_models/xeegnet_scc_model_reducermode_node_v202.pt,three_class,,test,subject_majority,18,0.5,0.5000000000000001,0.46422558922558926,0.4642255892255892,0.4777777777777778,0.47777777777777775,0.5000000000000001,0.5,xeegnet_scc_node
202,xeegnet_scc,node,xeegnet_scc_model_reducermode_node_v202.pt,/home/mgrabner/eeglass2/all-in-on-eeg/backend/ml/pretrained_models/xeegnet_scc_model_reducermode_node_v202.pt,three_class,,train,window,10381,0.7777670744629612,0.7399121418187825,0.7474783888506433,0.7742670644274374,0.7598307824203934,0.7739270223442322,0.7399121418187825,0.7777670744629612,xeegnet_scc_node
202,xeegnet_scc,node,xeegnet_scc_model_reducermode_node_v202.pt,/home/mgrabner/eeglass2/all-in-on-eeg/backend/ml/pretrained_models/xeegnet_scc_model_reducermode_node_v202.pt,three_class,,train,subject_majority,52,0.8846153846153846,0.8510101010101009,0.864885293456722,0.8793884151027009,0.91,0.895576923076923,0.8510101010101009,0.8846153846153846,xeegnet_scc_node
202,xeegnet_scc,node,xeegnet_scc_model_reducermode_node_v202.pt,/home/mgrabner/eeglass2/all-in-on-eeg/backend/ml/pretrained_models/xeegnet_scc_model_reducermode_node_v202.pt,three_class,,val,window,3622,0.5847598012147984,0.5742166705309065,0.5668369058760051,0.5750699541006621,0.5659956820184487,0.5716451312521429,0.5742166705309065,0.5847598012147984,xeegnet_scc_node
202,xeegnet_scc,node,xeegnet_scc_model_reducermode_node_v202.pt,/home/mgrabner/eeglass2/all-in-on-eeg/backend/ml/pretrained_models/xeegnet_scc_model_reducermode_node_v202.pt,three_class,,val,subject_majority,3,1.0,1.0,1.0,1.0,1.0,1.0,1.0,1.0,xeegnet_scc_node
202,xeegnet_scc,edge,xeegnet_scc_model_reducermode_edge_v202.pt,/home/mgrabner/eeglass2/all-in-on-eeg/backend/ml/pretrained_models/xeegnet_scc_model_reducermode_edge_v202.pt,three_class,,test,window,3416,0.33284543325526933,0.3362705610660943,0.33645761089547727,0.33544508674988127,0.3596130327856162,0.36037486260232915,0.3362705610660943,0.33284543325526933,xeegnet_scc_edge
202,xeegnet_scc,edge,xeegnet_scc_model_reducermode_edge_v202.pt,/home/mgrabner/eeglass2/all-in-on-eeg/backend/ml/pretrained_models/xeegnet_scc_model_reducermode_edge_v202.pt,three_class,,test,subject_majority,18,0.3888888888888889,0.38888888888888884,0.38181818181818183,0.38181818181818183,0.39444444444444443,0.39444444444444443,0.38888888888888884,0.3888888888888889,xeegnet_scc_edge
202,xeegnet_scc,edge,xeegnet_scc_model_reducermode_edge_v202.pt,/home/mgrabner/eeglass2/all-in-on-eeg/backend/ml/pretrained_models/xeegnet_scc_model_reducermode_edge_v202.pt,three_class,,train,window,10381,0.6115981119352664,0.607921704785114,0.59546593229734,0.6347782185310663,0.6222631428858635,0.6890412528569245,0.607921704785114,0.6115981119352664,xeegnet_scc_edge
202,xeegnet_scc,edge,xeegnet_scc_model_reducermode_edge_v202.pt,/home/mgrabner/eeglass2/all-in-on-eeg/backend/ml/pretrained_models/xeegnet_scc_model_reducermode_edge_v202.pt,three_class,,train,subject_majority,52,0.75,0.7694592988710637,0.7436930885206747,0.7603373637856395,0.7546296296296297,0.8020833333333333,0.7694592988710637,0.75,xeegnet_scc_edge
202,xeegnet_scc,edge,xeegnet_scc_model_reducermode_edge_v202.pt,/home/mgrabner/eeglass2/all-in-on-eeg/backend/ml/pretrained_models/xeegnet_scc_model_reducermode_edge_v202.pt,three_class,,val,window,3622,0.4950303699613473,0.49855415361734895,0.4970604881597218,0.49883620142299745,0.5216523510227339,0.528198190635513,0.49855415361734895,0.4950303699613473,xeegnet_scc_edge
202,xeegnet_scc,edge,xeegnet_scc_model_reducermode_edge_v202.pt,/home/mgrabner/eeglass2/all-in-on-eeg/backend/ml/pretrained_models/xeegnet_scc_model_reducermode_edge_v202.pt,three_class,,val,subject_majority,3,1.0,1.0,1.0,1.0,1.0,1.0,1.0,1.0,xeegnet_scc_edge
203,xeegnet,None,xeegnet_model_v203.pt,/home/mgrabner/eeglass2/all-in-on-eeg/backend/ml/pretrained_models/xeegnet_model_v203.pt,three_class,,test,window,3611,0.636388811963445,0.6145570901156836,0.5820669640350756,0.599441262035052,0.6764023294755321,0.6802219359707856,0.6145570901156836,0.636388811963445,xeegnet
203,xeegnet,None,xeegnet_model_v203.pt,/home/mgrabner/eeglass2/all-in-on-eeg/backend/ml/pretrained_models/xeegnet_model_v203.pt,three_class,,test,subject_majority,18,0.6666666666666666,0.6666666666666666,0.6112637362637363,0.6112637362637362,0.7857142857142857,0.7857142857142857,0.6666666666666666,0.6666666666666666,xeegnet
203,xeegnet,None,xeegnet_model_v203.pt,/home/mgrabner/eeglass2/all-in-on-eeg/backend/ml/pretrained_models/xeegnet_model_v203.pt,three_class,,train,window,10392,0.6454003079291762,0.5586260323149673,0.5608361764982096,0.6174917974314157,0.6539684703323824,0.650016251712207,0.5586260323149673,0.6454003079291762,xeegnet
203,xeegnet,None,xeegnet_model_v203.pt,/home/mgrabner/eeglass2/all-in-on-eeg/backend/ml/pretrained_models/xeegnet_model_v203.pt,three_class,,train,subject_majority,52,0.6538461538461539,0.5736779560308972,0.5717763488661322,0.6197446278417937,0.7706476530005942,0.7220279720279721,0.5736779560308972,0.6538461538461539,xeegnet
203,xeegnet,None,xeegnet_model_v203.pt,/home/mgrabner/eeglass2/all-in-on-eeg/backend/ml/pretrained_models/xeegnet_model_v203.pt,three_class,,val,window,3416,0.40485948477751754,0.3913785904209434,0.365161766796491,0.3737389856686026,0.43843756180202,0.43476830228340235,0.3913785904209434,0.40485948477751754,xeegnet
203,xeegnet,None,xeegnet_model_v203.pt,/home/mgrabner/eeglass2/all-in-on-eeg/backend/ml/pretrained_models/xeegnet_model_v203.pt,three_class,,val,subject_majority,18,0.4444444444444444,0.4444444444444444,0.4158730158730159,0.4158730158730159,0.6064814814814815,0.6064814814814814,0.4444444444444444,0.4444444444444444,xeegnet
203,xeegnet_scc,mean,xeegnet_scc_model_v203.pt,/home/mgrabner/eeglass2/all-in-on-eeg/backend/ml/pretrained_models/xeegnet_scc_model_v203.pt,three_class,,test,window,3611,0.561063417335918,0.538337383382534,0.4745910718314066,0.49331648375260245,0.5130687470780366,0.520832079236154,0.538337383382534,0.561063417335918,xeegnet_scc_mean
203,xeegnet_scc,mean,xeegnet_scc_model_v203.pt,/home/mgrabner/eeglass2/all-in-on-eeg/backend/ml/pretrained_models/xeegnet_scc_model_v203.pt,three_class,,test,subject_majority,18,0.5555555555555556,0.5555555555555556,0.45248868778280543,0.4524886877828054,0.3896103896103896,0.38961038961038963,0.5555555555555556,0.5555555555555556,xeegnet_scc_mean
203,xeegnet_scc,mean,xeegnet_scc_model_v203.pt,/home/mgrabner/eeglass2/all-in-on-eeg/backend/ml/pretrained_models/xeegnet_scc_model_v203.pt,three_class,,train,window,10392,0.5817936874518861,0.4942151037594869,0.4718458939126812,0.547003999659146,0.49364060529365533,0.5411610997754902,0.4942151037594869,0.5817936874518861,xeegnet_scc_mean
203,xeegnet_scc,mean,xeegnet_scc_model_v203.pt,/home/mgrabner/eeglass2/all-in-on-eeg/backend/ml/pretrained_models/xeegnet_scc_model_v203.pt,three_class,,train,subject_majority,52,0.5961538461538461,0.4991830065359477,0.44082934609250396,0.5253588516746411,0.3947772657450077,0.46969159872385685,0.4991830065359477,0.5961538461538461,xeegnet_scc_mean
203,xeegnet_scc,mean,xeegnet_scc_model_v203.pt,/home/mgrabner/eeglass2/all-in-on-eeg/backend/ml/pretrained_models/xeegnet_scc_model_v203.pt,three_class,,val,window,3416,0.3524590163934426,0.3369451495688334,0.28374447550315657,0.29630858842854535,0.266065529937271,0.2746680221020946,0.3369451495688334,0.3524590163934426,xeegnet_scc_mean
203,xeegnet_scc,mean,xeegnet_scc_model_v203.pt,/home/mgrabner/eeglass2/all-in-on-eeg/backend/ml/pretrained_models/xeegnet_scc_model_v203.pt,three_class,,val,subject_majority,3,0.6666666666666666,0.6666666666666666,0.5555555555555555,0.5555555555555555,0.5,0.5,0.6666666666666666,0.6666666666666666,xeegnet_scc_mean
203,xeegnet_scc,node,xeegnet_scc_model_reducermode_node_v203.pt,/home/mgrabner/eeglass2/all-in-on-eeg/backend/ml/pretrained_models/xeegnet_scc_model_reducermode_node_v203.pt,three_class,,test,window,3611,0.6552201606203267,0.6348902424999264,0.6055625935673692,0.6194325734973479,0.6841783683733053,0.6833135344309861,0.6348902424999264,0.6552201606203267,xeegnet_scc_node
203,xeegnet_scc,node,xeegnet_scc_model_reducermode_node_v203.pt,/home/mgrabner/eeglass2/all-in-on-eeg/backend/ml/pretrained_models/xeegnet_scc_model_reducermode_node_v203.pt,three_class,,test,subject_majority,18,0.6666666666666666,0.6666666666666666,0.6031746031746031,0.6031746031746031,0.7685185185185185,0.7685185185185186,0.6666666666666666,0.6666666666666666,xeegnet_scc_node
203,xeegnet_scc,node,xeegnet_scc_model_reducermode_node_v203.pt,/home/mgrabner/eeglass2/all-in-on-eeg/backend/ml/pretrained_models/xeegnet_scc_model_reducermode_node_v203.pt,three_class,,train,window,10392,0.6621439568899153,0.5830652350966773,0.5817416176963716,0.6425256224178214,0.6035946552560584,0.6389891410108731,0.5830652350966773,0.6621439568899153,xeegnet_scc_node
203,xeegnet_scc,node,xeegnet_scc_model_reducermode_node_v203.pt,/home/mgrabner/eeglass2/all-in-on-eeg/backend/ml/pretrained_models/xeegnet_scc_model_reducermode_node_v203.pt,three_class,,train,subject_majority,52,0.75,0.6545603089720736,0.6460797544388875,0.7067891622547493,0.8401663695781343,0.8024475524475524,0.6545603089720736,0.75,xeegnet_scc_node
203,xeegnet_scc,node,xeegnet_scc_model_reducermode_node_v203.pt,/home/mgrabner/eeglass2/all-in-on-eeg/backend/ml/pretrained_models/xeegnet_scc_model_reducermode_node_v203.pt,three_class,,val,window,3416,0.382903981264637,0.3674071513214196,0.315669914931393,0.32922672193008734,0.28882253462134677,0.29985920885037315,0.3674071513214196,0.382903981264637,xeegnet_scc_node
203,xeegnet_scc,node,xeegnet_scc_model_reducermode_node_v203.pt,/home/mgrabner/eeglass2/all-in-on-eeg/backend/ml/pretrained_models/xeegnet_scc_model_reducermode_node_v203.pt,three_class,,val,subject_majority,3,0.6666666666666666,0.6666666666666666,0.5555555555555555,0.5555555555555555,0.5,0.5,0.6666666666666666,0.6666666666666666,xeegnet_scc_node
203,xeegnet_scc,edge,xeegnet_scc_model_reducermode_edge_v203.pt,/home/mgrabner/eeglass2/all-in-on-eeg/backend/ml/pretrained_models/xeegnet_scc_model_reducermode_edge_v203.pt,three_class,,test,window,3611,0.6815286624203821,0.6789315450994303,0.6801001545315803,0.6839619417681772,0.683190031877653,0.6884116420214464,0.6789315450994303,0.6815286624203821,xeegnet_scc_edge
203,xeegnet_scc,edge,xeegnet_scc_model_reducermode_edge_v203.pt,/home/mgrabner/eeglass2/all-in-on-eeg/backend/ml/pretrained_models/xeegnet_scc_model_reducermode_edge_v203.pt,three_class,,test,subject_majority,18,0.7222222222222222,0.7222222222222222,0.721056721056721,0.7210567210567211,0.7269841269841271,0.726984126984127,0.7222222222222222,0.7222222222222222,xeegnet_scc_edge
203,xeegnet_scc,edge,xeegnet_scc_model_reducermode_edge_v203.pt,/home/mgrabner/eeglass2/all-in-on-eeg/backend/ml/pretrained_models/xeegnet_scc_model_reducermode_edge_v203.pt,three_class,,train,window,10392,0.7595265588914549,0.7582992026304267,0.7460058518837943,0.765181139623044,0.7451155913970036,0.7787087989416929,0.7582992026304267,0.7595265588914549,xeegnet_scc_edge
203,xeegnet_scc,edge,xeegnet_scc_model_reducermode_edge_v203.pt,/home/mgrabner/eeglass2/all-in-on-eeg/backend/ml/pretrained_models/xeegnet_scc_model_reducermode_edge_v203.pt,three_class,,train,subject_majority,52,0.9230769230769231,0.9280303030303031,0.9154589371980677,0.9246098104793756,0.9079254079254079,0.9302044109736417,0.9280303030303031,0.9230769230769231,xeegnet_scc_edge
203,xeegnet_scc,edge,xeegnet_scc_model_reducermode_edge_v203.pt,/home/mgrabner/eeglass2/all-in-on-eeg/backend/ml/pretrained_models/xeegnet_scc_model_reducermode_edge_v203.pt,three_class,,val,window,3416,0.4572599531615925,0.4568739908588777,0.4568305736629694,0.45822906702591804,0.45820528906691277,0.4606894142548235,0.4568739908588777,0.4572599531615925,xeegnet_scc_edge
203,xeegnet_scc,edge,xeegnet_scc_model_reducermode_edge_v203.pt,/home/mgrabner/eeglass2/all-in-on-eeg/backend/ml/pretrained_models/xeegnet_scc_model_reducermode_edge_v203.pt,three_class,,val,subject_majority,3,1.0,1.0,1.0,1.0,1.0,1.0,1.0,1.0,xeegnet_scc_edge
204,xeegnet,None,xeegnet_model_v204.pt,/home/mgrabner/eeglass2/all-in-on-eeg/backend/ml/pretrained_models/xeegnet_model_v204.pt,three_class,,test,window,3274,0.4615149664019548,0.4434335123381003,0.37286373813699614,0.39148106016279705,0.36214944366742974,0.37757980601146746,0.4434335123381003,0.4615149664019548,xeegnet
204,xeegnet,None,xeegnet_model_v204.pt,/home/mgrabner/eeglass2/all-in-on-eeg/backend/ml/pretrained_models/xeegnet_model_v204.pt,three_class,,test,subject_majority,18,0.5,0.5,0.4012066365007542,0.40120663650075417,0.341991341991342,0.34199134199134196,0.5,0.5,xeegnet
204,xeegnet,None,xeegnet_model_v204.pt,/home/mgrabner/eeglass2/all-in-on-eeg/backend/ml/pretrained_models/xeegnet_model_v204.pt,three_class,,train,window,10899,0.6687769520139463,0.5990485246601865,0.5813179520596278,0.6343149587088203,0.6249975524289265,0.6445383314681665,0.5990485246601865,0.6687769520139463,xeegnet
204,xeegnet,None,xeegnet_model_v204.pt,/home/mgrabner/eeglass2/all-in-on-eeg/backend/ml/pretrained_models/xeegnet_model_v204.pt,three_class,,train,subject_majority,54,0.7037037037037037,0.6253142282554046,0.5726817042606517,0.63213589529379,0.8005952380952381,0.771164021164021,0.6253142282554046,0.7037037037037037,xeegnet
204,xeegnet,None,xeegnet_model_v204.pt,/home/mgrabner/eeglass2/all-in-on-eeg/backend/ml/pretrained_models/xeegnet_model_v204.pt,three_class,,val,window,3611,0.4508446413735807,0.4390872327321191,0.41807738766520225,0.4252073019760126,0.46258500498899163,0.46019311404036606,0.4390872327321191,0.4508446413735807,xeegnet
204,xeegnet,None,xeegnet_model_v204.pt,/home/mgrabner/eeglass2/all-in-on-eeg/backend/ml/pretrained_models/xeegnet_model_v204.pt,three_class,,val,subject_majority,18,0.4444444444444444,0.4444444444444444,0.41904761904761906,0.4190476190476191,0.611111111111111,0.6111111111111112,0.4444444444444444,0.4444444444444444,xeegnet
204,xeegnet_scc,mean,xeegnet_scc_model_v204.pt,/home/mgrabner/eeglass2/all-in-on-eeg/backend/ml/pretrained_models/xeegnet_scc_model_v204.pt,three_class,,test,window,3274,0.49664019547953575,0.47974746623740067,0.4201029461746495,0.4410746971775127,0.5422909367966292,0.5542102971958698,0.47974746623740067,0.49664019547953575,xeegnet_scc_mean
204,xeegnet_scc,mean,xeegnet_scc_model_v204.pt,/home/mgrabner/eeglass2/all-in-on-eeg/backend/ml/pretrained_models/xeegnet_scc_model_v204.pt,three_class,,test,subject_majority,18,0.4444444444444444,0.4444444444444445,0.3666666666666667,0.36666666666666664,0.36904761904761907,0.369047619047619,0.4444444444444445,0.4444444444444444,xeegnet_scc_mean
204,xeegnet_scc,mean,xeegnet_scc_model_v204.pt,/home/mgrabner/eeglass2/all-in-on-eeg/backend/ml/pretrained_models/xeegnet_scc_model_v204.pt,three_class,,train,window,10899,0.6680429397192403,0.5971993640293812,0.5965485440362587,0.6389864177812646,0.6960346163716754,0.683998736980594,0.5971993640293812,0.6680429397192403,xeegnet_scc_mean
204,xeegnet_scc,mean,xeegnet_scc_model_v204.pt,/home/mgrabner/eeglass2/all-in-on-eeg/backend/ml/pretrained_models/xeegnet_scc_model_v204.pt,three_class,,train,subject_majority,54,0.7222222222222222,0.6395173453996983,0.6149772903511687,0.6665201925088932,0.8168067226890757,0.7862433862433862,0.6395173453996983,0.7222222222222222,xeegnet_scc_mean
204,xeegnet_scc,mean,xeegnet_scc_model_v204.pt,/home/mgrabner/eeglass2/all-in-on-eeg/backend/ml/pretrained_models/xeegnet_scc_model_v204.pt,three_class,,val,window,3611,0.5175851564663528,0.5033919808153955,0.4778732113736404,0.48853717601833924,0.5731528086254011,0.5725799731466711,0.5033919808153955,0.5175851564663528,xeegnet_scc_mean
204,xeegnet_scc,mean,xeegnet_scc_model_v204.pt,/home/mgrabner/eeglass2/all-in-on-eeg/backend/ml/pretrained_models/xeegnet_scc_model_v204.pt,three_class,,val,subject_majority,3,0.6666666666666666,0.6666666666666666,0.5555555555555555,0.5555555555555555,0.5,0.5,0.6666666666666666,0.6666666666666666,xeegnet_scc_mean
204,xeegnet_scc,node,xeegnet_scc_model_reducermode_node_v204.pt,/home/mgrabner/eeglass2/all-in-on-eeg/backend/ml/pretrained_models/xeegnet_scc_model_reducermode_node_v204.pt,three_class,,test,window,3274,0.4908368967623702,0.4754837142046391,0.44363054564191023,0.4603264038822526,0.45009262111462567,0.4661861392013551,0.4754837142046391,0.4908368967623702,xeegnet_scc_node
204,xeegnet_scc,node,xeegnet_scc_model_reducermode_node_v204.pt,/home/mgrabner/eeglass2/all-in-on-eeg/backend/ml/pretrained_models/xeegnet_scc_model_reducermode_node_v204.pt,three_class,,test,subject_majority,18,0.5555555555555556,0.5555555555555556,0.5119047619047619,0.5119047619047619,0.5416666666666666,0.5416666666666666,0.5555555555555556,0.5555555555555556,xeegnet_scc_node
204,xeegnet_scc,node,xeegnet_scc_model_reducermode_node_v204.pt,/home/mgrabner/eeglass2/all-in-on-eeg/backend/ml/pretrained_models/xeegnet_scc_model_reducermode_node_v204.pt,three_class,,train,window,10899,0.7637397926415267,0.72998990182627,0.735860176122285,0.7580597972948676,0.7543282382948172,0.7615371577776314,0.72998990182627,0.7637397926415267,xeegnet_scc_node
204,xeegnet_scc,node,xeegnet_scc_model_reducermode_node_v204.pt,/home/mgrabner/eeglass2/all-in-on-eeg/backend/ml/pretrained_models/xeegnet_scc_model_reducermode_node_v204.pt,three_class,,train,subject_majority,54,0.8703703703703703,0.844017094017094,0.8515335958944981,0.8641909005317527,0.8965079365079366,0.8867019400352734,0.844017094017094,0.8703703703703703,xeegnet_scc_node
204,xeegnet_scc,node,xeegnet_scc_model_reducermode_node_v204.pt,/home/mgrabner/eeglass2/all-in-on-eeg/backend/ml/pretrained_models/xeegnet_scc_model_reducermode_node_v204.pt,three_class,,val,window,3611,0.5981722514538909,0.5840058263280633,0.57079834605669,0.5800113418823255,0.5846102548445676,0.5872729135195759,0.5840058263280633,0.5981722514538909,xeegnet_scc_node
204,xeegnet_scc,node,xeegnet_scc_model_reducermode_node_v204.pt,/home/mgrabner/eeglass2/all-in-on-eeg/backend/ml/pretrained_models/xeegnet_scc_model_reducermode_node_v204.pt,three_class,,val,subject_majority,3,0.6666666666666666,0.6666666666666666,0.5555555555555555,0.5555555555555555,0.5,0.5,0.6666666666666666,0.6666666666666666,xeegnet_scc_node
204,xeegnet_scc,edge,xeegnet_scc_model_reducermode_edge_v204.pt,/home/mgrabner/eeglass2/all-in-on-eeg/backend/ml/pretrained_models/xeegnet_scc_model_reducermode_edge_v204.pt,three_class,,test,window,3274,0.4853390348197923,0.48683134968041614,0.4864959895345849,0.49033788774681686,0.5009128137271142,0.5108276754454536,0.48683134968041614,0.4853390348197923,xeegnet_scc_edge
204,xeegnet_scc,edge,xeegnet_scc_model_reducermode_edge_v204.pt,/home/mgrabner/eeglass2/all-in-on-eeg/backend/ml/pretrained_models/xeegnet_scc_model_reducermode_edge_v204.pt,three_class,,test,subject_majority,18,0.5555555555555556,0.5555555555555555,0.5595959595959595,0.5595959595959595,0.5981481481481482,0.5981481481481481,0.5555555555555555,0.5555555555555556,xeegnet_scc_edge
204,xeegnet_scc,edge,xeegnet_scc_model_reducermode_edge_v204.pt,/home/mgrabner/eeglass2/all-in-on-eeg/backend/ml/pretrained_models/xeegnet_scc_model_reducermode_edge_v204.pt,three_class,,train,window,10899,0.9044866501513901,0.9086218907373494,0.8955854133358657,0.906239512207744,0.8961552548021837,0.9184405407128294,0.9086218907373494,0.9044866501513901,xeegnet_scc_edge
204,xeegnet_scc,edge,xeegnet_scc_model_reducermode_edge_v204.pt,/home/mgrabner/eeglass2/all-in-on-eeg/backend/ml/pretrained_models/xeegnet_scc_model_reducermode_edge_v204.pt,three_class,,train,subject_majority,54,0.9444444444444444,0.9411764705882352,0.9332591768631814,0.9446298356198244,0.9375,0.9548611111111112,0.9411764705882352,0.9444444444444444,xeegnet_scc_edge
204,xeegnet_scc,edge,xeegnet_scc_model_reducermode_edge_v204.pt,/home/mgrabner/eeglass2/all-in-on-eeg/backend/ml/pretrained_models/xeegnet_scc_model_reducermode_edge_v204.pt,three_class,,val,window,3611,0.6314040432013293,0.6338160568857152,0.6336149426896823,0.6349974180427518,0.6471539190993363,0.652880349329158,0.6338160568857152,0.6314040432013293,xeegnet_scc_edge
204,xeegnet_scc,edge,xeegnet_scc_model_reducermode_edge_v204.pt,/home/mgrabner/eeglass2/all-in-on-eeg/backend/ml/pretrained_models/xeegnet_scc_model_reducermode_edge_v204.pt,three_class,,val,subject_majority,3,1.0,1.0,1.0,1.0,1.0,1.0,1.0,1.0,xeegnet_scc_edge
